Workbook

Sheet Equipos
A1: EQUIPOS (EDITABLE)
A3: Codigo | B3: Tipo Equipo | C3: Marca | D3: Modelo | E3: Año | F3: Ubicacion | G3: Responsable | H3: Estado Base | I3: Control Base | J3: Frecuencia Base | K3: Promedio Diario
A4: CD-100 | B4: Camión Slurry | C4: Volkswagen | D4: 26220 | E4: 2008 | F4: Q-459 | G4: Juan Espinoza | H4: Operativo | I4: HORAS | J4: 250 | K4: 0
A5: CD-102 | B5: Camión Tolva | C5: Man | D5: TGS 50480 | E5: 2018 | F5: RETIRO | G5: Nelson Garcia | H5: Operativo | I5: HORAS | J5: 250 | K5: 6.54
A6: CD-103 | B6: Camión Tolva | C6: Man | D6: TGS 50480 | E6: 2018 | F6: TALLER | G6: Felipe Figueroa | H6: Fuera de Servicio | I6: HORAS | J6: 250
A7: CD-104 | B7: Camión Tolva | C7: Man | D7: TGS 50480 | E7: 2019 | F7: Curicó | G7: Nelson Omar Cancino Arellano | H7: Operativo | I7: HORAS | J7: 250 | K7: 215.17
A8: CD-105 | B8: Camión Tolva | C8: Man | D8: TGS 50480 | E8: 2018 | F8: Palmucho | G8: Eugenio Antonio Hormazabal Cornejo | H8: Operativo | I8: HORAS | J8: 250 | K8: 97.16
A9: CD-106 | B9: Camión Tolva | C9: Man | D9: TGS 50480 | E9: 2019 | F9: Taller | G9: Eugenio Hormazabal | H9: Operativo | I9: HORAS | J9: 250 | K9: 120.58
A10: CD-107 | B10: Camión Tolva | C10: Man | D10: TGS 50480 | E10: 2019 | F10: San Nicolas | G10: Cesar Vergara | H10: Operativo | I10: HORAS | J10: 250 | K10: 147.06
A11: CD-108 | B11: Camión Slurry | C11: International | D11: 7600 | E11: 2008 | F11: Q-459 | G11: Ivo Garrido | H11: Operativo | I11: HORAS | J11: 250 | K11: 0
A12: CD-109 | B12: Camión Plano | C12: Hino | D12: XZU 6.5 DCAB | E12: 2012 | F12: PALMUCHO | G12: Washinton Sanzana | H12: Operativo | I12: HORAS | J12: 250 | K12: 102.86
A13: CD-110 | B13: Camión Plano | C13: Jac | D13: Urban HFC1050K | E13: 2015 | F13: RETIRO | G13: No identificado | H13: Operativo | I13: HORAS | J13: 250 | K13: 70.85
A14: CD-111 | B14: Camión Plano | C14: Mercedes Benz | D14: Atego 1315 48 | E14: 2007 | F14: TALLER | G14: Sin asignar | H14: Fuera de Servicio | I14: HORAS | J14: 250
A15: CD-112 | B15: Camión Pintura | C15: No hay info | D15: No hay info | E15: No hay info | F15: TALLER | G15: Sin asignar | H15: Fuera de Servicio | I15: HORAS | J15: 250
A16: CD-113 | B16: Camión Imprimador | C16: Volkswagen | D16: 17180M | E16: 2011 | F16: RETIRO | G16: Nector Muñoz | H16: Operativo | I16: HORAS | J16: 250 | K16: 0
A17: CD-114 | B17: Camión Imprimador | C17: Freightliner | D17: M2 112 | E17: 1998 | F17: TALLER | G17: Sin asignar | H17: Operativo | I17: HORAS | J17: 250 | K17: 2.71
A18: CD-115 | B18: Tracto Camión | C18: Mercedes Benz | D18: LS 1634 45 | E18: 2011 | F18: TALLER | G18: Manuel Pacheco | H18: Operativo | I18: HORAS | J18: 250 | K18: 391.03
A19: CD-116 | B19: Camión Plano | C19: Wolkswagen | D19: 9150E | E19: 2012 | F19: Villaseca | G19: Nicolas Antonio Rivera Astudillo | H19: Operativo | I19: HORAS | J19: 250 | K19: 0
A20: CD-117 | B20: Camión Slurry | C20: No hay info | D20: No hay info | E20: No hay info | F20: TALLER | G20: Sin asignar | H20: Fuera de Servicio | I20: HORAS | J20: 250 | K20: 0
A21: CD-118 | B21: Camión Plano | C21: Freightliner | D21: M2 106 | E21: 2010 | F21: TALLER | G21: Carlos Vasquez | H21: Operativo | I21: HORAS | J21: 250 | K21: 292.62
A22: CD-119 | B22: Camión Combustible | C22: Hino | D22: GH8JMTA | E22: 2013 | F22: San Carlos | G22: Nector Aldo Muñoz Rivera | H22: Operativo | I22: HORAS | J22: 250 | K22: 5.15
A23: CD-120 | B23: Camión Tolva | C23: Man | D23: TGS 40400 BB | E23: 2024 | F23: TALLER | G23: Pablo Torres | H23: Operativo | I23: HORAS | J23: 250 | K23: 121.61
A24: CD-121 | B24: Camión Tolva | C24: Man | D24: TGS 40400 BB | E24: 2024 | F24: RETIRO | G24: Chandor Ruiz | H24: Operativo | I24: HORAS | J24: 250 | K24: 105.37
A25: CD-122 | B25: Camión Tolva | C25: Man | D25: TGS 40400 BB | E25: 2024 | F25: RETIRO | G25: Renan Aguilera | H25: Operativo | I25: HORAS | J25: 250 | K25: 1.36
A26: CD-123 | B26: Camión Tolva | C26: Man | D26: TGS 40400 BB | E26: 2024 | F26: Ninhue | G26: Wilson Salazar | H26: Operativo | I26: HORAS | J26: 250 | K26: 42.24
A27: CD-124 | B27: Camión Tolva | C27: Man | D27: TGS 40400 BB | E27: 2024 | H27: Fuera de Servicio | I27: HORAS | J27: 250 | K27: 0
A28: CD-125 | B28: Camión Maxus | C28: Maxus | D28: C35 2.0 | E28: 2023 | F28: Oficina Central | G28: Patricio Alfredo Mora Mora | H28: Operativo | I28: HORAS | J28: 250 | K28: 259.61
A29: CD-126 | B29: Camión Maxus | C29: Maxus | D29: C35 2.0 | E29: 2023 | F29: QUEUCO | G29: Manuel Piñaleo | H29: Operativo | I29: HORAS | J29: 250
A30: CD-127 | B30: Camión Pluma | C30: International | D30: 4300 | E30: 2012 | F30: Oficina Central | G30: Osvaldo Andres Faundez Vasquez | H30: Operativo | I30: HORAS | J30: 250 | K30: 127.61
A31: CD-128 | B31: Camión slurry | C31: Mack | D31: GU 813 | E31: 2012 | F31: Retiro | G31: Marco Calderara | H31: Operativo | I31: HORAS | J31: 250 | K31: 24.84
A32: CD-129 | B32: Camión Aljibe | C32: Mack | D32: GU 813 | E32: 2012 | F32: TALLER | G32: Sin asignar | H32: Fuera de Servicio | I32: HORAS | J32: 250
A33: CD-130 | B33: Camión Tolva | C33: Renault | D33: K480 | E33: 2021 | F33: TALLER | G33: Sin asignar | H33: Fuera de Servicio | I33: HORAS | J33: 250 | K33: 58.71
A34: CD-131 | B34: Camión Tolva | C34: Renault | D34: K480 | E34: 2021 | F34: TALLER | G34: Sin asignar | H34: Fuera de Servicio | I34: HORAS | J34: 250 | K34: 275
A35: CD-132 | B35: Camión Tolva | C35: Renault | D35: K480 | E35: 2021 | F35: Palmucho | G35: Cesar Alonso Vergara Pezoa | H35: Operativo | I35: HORAS | J35: 250 | K35: 168.21
A36: CD-133 | B36: Camión Plano | C36: International | D36: 7400 | E36: 2010 | F36: TALLER | G36: Sin asignar | H36: Fuera de Servicio | I36: HORAS | J36: 250
A37: CD-134 | B37: Camión Plano | C37: International | D37: 4300 | E37: 2012 | F37: TALLER | G37: Sin asignar | H37: Operativo | I37: HORAS | J37: 250 | K37: 0
A38: CD-135 | B38: Camión Plano | C38: Mack | D38: GU 813 | E38: 2014 | F38: TALLER | G38: Sin asignar | H38: Fuera de Servicio | I38: HORAS | J38: 250
A39: CD-136 | B39: Camión Combustible | C39: Hino | D39: HZU | E39: 2015 | F39: TALLER | G39: Sin asignar | H39: Operativo | I39: HORAS | J39: 250 | K39: 81.79
A40: CD-137 | B40: Tracto Camión | C40: Mercedes Benz | D40: Axor 1936 | E40: 2014 | F40: Oficina Central | G40: Manuel Pacheco | H40: Operativo | I40: HORAS | J40: 250 | K40: 139.79
A41: CD-138 | B41: Camion Imprimador | C41: Sterling | D41: L7500 | F41: San Carlos | G41: Duban Rio | H41: Fuera de Servicio | I41: HORAS | J41: 250 | K41: 354.05
A42: CD-139 | B42: Camion Plano | C42: Mercedes Benz | D42: Atego 1015 | E42: 2011 | H42: Fuera de Servicio | I42: HORAS | J42: 250
A43: CD-140 | B43: Camion Plano | C43: Mercedes Benz | D43: 915 C 37 | E43: 2011 | H43: Operativo | I43: HORAS | J43: 250 | K43: 175.78
A44: CD-141 | B44: Camion Mixer | C44: Mack | D44: DM 690S | E44: 1997 | H44: Operativo | I44: HORAS | J44: 250
A45: CD-142 | B45: Camion Mixer | C45: Freightliner | D45: FLD 112 | E45: 2006 | H45: Operativo | I45: HORAS | J45: 250
A46: CD-51 | B46: Camión Combustible | C46: Hino | D46: XZU 8.0 | E46: 2011 | F46: PALMUCHO | G46: Salvador Castillo | H46: Operativo | I46: HORAS | J46: 250 | K46: 42.8
A47: CD-57 | B47: Camión Plano | C47: Hino | D47: XZUDCAB | E47: 2012 | F47: SANTIAGO | G47: No aplica | H47: Fuera de Servicio | I47: HORAS | J47: 250
A48: CD-68 | B48: Camión Aljibe | C48: Mack | D48: GU 813 | E48: 2008 | F48: RAUCO | G48: Jonatan Orellana | H48: Operativo | I48: HORAS | J48: 250 | K48: 24.17
A49: CD-69 | B49: Tracto Camión | C49: Scania | D49: P400A | E49: 2018 | F49: TALLER | G49: Pedro Rojas | H49: Operativo | I49: HORAS | J49: 250 | K49: 233.13
A50: CD-71 | B50: Camión Aljibe | C50: Mack | D50: GU 813 | E50: 2008 | F50: PALMUCHO | G50: Guido Saez | H50: Operativo | I50: HORAS | J50: 250 | K50: 18.17
A51: CD-73 | B51: Camión Aljibe | C51: Mack | D51: GU 813 | E51: 2014 | F51: TALLER | G51: Sin asignar | H51: Operativo | I51: HORAS | J51: 250
A52: CD-74 | B52: Tracto Camión | C52: Renault | D52: Premium Lander | E52: 2011 | F52: TALLER | G52: Sin asignar | H52: Fuera de Servicio | I52: HORAS | J52: 250
A53: CD-80 | B53: Camión Pluma | C53: International | D53: 7600 | E53: 2012 | H53: Fuera de Servicio | I53: HORAS | J53: 250
A54: CD-86 | B54: Camión Aljibe | C54: Kenworth | D54: T800 | E54: 2010 | F54: RETIRO | G54: Nicolas Gutierrez | H54: Operativo | I54: HORAS | J54: 250 | K54: 0
A55: CD-87 | B55: Camión Tolva | C55: Man | D55: TGS 40400 BB | E55: 2020 | F55: Curicó | G55: Juan Aguilar | H55: Operativo | I55: HORAS | J55: 250 | K55: 64.91
A56: CD-88 | B56: Camión Tolva | C56: Man | D56: TGS 40400 BB | E56: 2020 | F56: RAUCO | G56: Manuel Saavedra | H56: Operativo | I56: HORAS | J56: 250 | K56: 167.3
A57: CD-89 | B57: Camión Tolva | C57: Man | D57: TGS 40400 BB | E57: 2020 | F57: Palmucho | G57: Gerardo Andres Beltran Soto | H57: Operativo | I57: HORAS | J57: 250 | K57: 45.47
A58: CD-90 | B58: Camión Tolva | C58: Man | D58: TGS 40400 BB | E58: 2020 | F58: Curicó | G58: Carlos Brenet | H58: Operativo | I58: HORAS | J58: 250 | K58: 96.44
A59: CD-91 | B59: Camión Tolva | C59: Man | D59: TGS 40400 BB | E59: 2020 | F59: TALLER | G59: Sin asignar | H59: Fuera de Servicio | I59: HORAS | J59: 250 | K59: 164.84
A60: CD-92 | B60: Camión Combustible | C60: Hino | D60: XZU423L | E60: 2011 | H60: Fuera de Servicio | I60: HORAS | J60: 250 | K60: 0
A61: CD-93 | B61: Camión Plano | C61: Hino | D61: XZUDCAB | E61: 2013 | F61: RAUCO | G61: Jose Valenzuela | H61: Fuera de Servicio | I61: HORAS | J61: 250
A62: CD-94 | B62: Camión Tolva | C62: Man | D62: TGS 33400 | E62: 2018 | F62: Palmucho | G62: Nelson Rodolfo Garcia Ceballos | H62: Operativo | I62: HORAS | J62: 250 | K62: 51.14
A63: CD-96 | B63: Camión Aljibe | C63: Mercedes Benz | D63: Atego 1315 48 | E63: 2007 | F63: QUEUCO | G63: Carlos Pino | H63: Operativo | I63: HORAS | J63: 250 | K63: 126.64
A64: CD-97 | B64: Tracto Camión | C64: Man | D64: TGS 33480 | E64: 2013 | F64: TALLER | G64: Ramiro Solis | H64: Operativo | I64: HORAS | J64: 250 | K64: 99.67
A65: CD-98 | B65: Camión Plano | C65: Hino | D65: Xzu 6.5 | E65: 2014 | F65: Curicó | G65: Luis Flores | H65: Operativo | I65: HORAS | J65: 250 | K65: 0
A66: CD-99 | B66: Camión Aljibe | C66: Freightliner | D66: M2 112 | E66: 2013 | F66: Palmucho | G66: Jaime Alonso Vargas Gangas | H66: Fuera de Servicio | I66: HORAS | J66: 250 | K66: 10.55
A67: ED-07 | B67: Soldadora | C67: Indura | D67: 400 | E67: 1990 | F67: TALLER | G67: No aplica | H67: Operativo | I67: HORAS | J67: 250
A68: ED-51 | B68: Gravilladora | C68: Etnyre | D68: K-5180 | E68: 2010 | F68: RETIRO | G68: No identificado | H68: Operativo | I68: HORAS | J68: 250 | K68: 0
A69: ED-52 | B69: Barredora | C69: Rosco | D69: Rb-48 | E69: 2000 | F69: Ninhue | G69: Jordano Villa | H69: Operativo | I69: HORAS | J69: 250 | K69: 13.28
A70: ED-61 | B70: Gravilladora | C70: Rosco | D70: 4wd | E70: 2001 | F70: TALLER | G70: Sebastian Nuñez | H70: Operativo | I70: HORAS | J70: 250 | K70: 0.49
A71: ED-63 | B71: Barredora | C71: Rosco | D71: K-5180 | E71: 2000 | F71: RETIRO | G71: Maximo Apablaza | H71: Fuera de Servicio | I71: HORAS | J71: 250 | K71: 1.13
A72: ED-64 | B72: Perforadora Hidraulica | C72: Furukawua | D72: HCR1200-EDII | E72: 2017 | F72: TALLER | G72: No aplica | H72: Operativo | I72: HORAS | J72: 250
A73: ED-65 | B73: Compresor | C73: Atlas Copco | D73: EHR-700 | E73: 2020 | F73: TALLER | G73: No aplica | H73: Operativo | I73: HORAS | J73: 250
A74: ED-66 | B74: Planta Micropavimento | C74: Romanelli | D74: UHR700H | E74: 2021 | F74: TALLER | G74: No aplica | H74: Operativo | I74: HORAS | J74: 250
A75: ED-67 | B75: Imprimador | C75: Rayner | D75: Rayner | E75: 2020 | F75: TALLER | G75: No aplica | H75: Operativo | I75: HORAS | J75: 250
A76: ED-73 | B76: Gravilladora | C76: Rosco | D76: SPRHH | E76: 2007 | I76: HORAS | J76: 250 | K76: 3.11
A77: EQP-10 | B77: Planta aridos | C77: Sandvik | D77: QS331 | E77: 2016 | F77: TALLER | G77: Roberto Tilleria | H77: Operativo | I77: HORAS | J77: 250
A78: EQP-11 | B78: Planta Aridos seleccionadora | C78: Terex | D78: 674 | E78: 2017 | F78: RAUCO | G78: Roberto Tilleria | H78: Operativo | I78: HORAS | J78: 250 | K78: 1.71
A79: EQP-13 | B79: Planta aridos | C79: Sandvik | D79: UH440I | E79: 2010 | F79: TALLER | G79: No aplica | H79: Fuera de Servicio | I79: HORAS | J79: 250
A80: EQP-14 | B80: Planta aridos | C80: Kleemann | D80: Mc 110R | E80: 2014 | F80: PALMUCHO | G80: Rodrigo Fuentes | H80: Fuera de Servicio | I80: HORAS | J80: 250
A81: EQP-15 | B81: Planta Aridos seleccionadora | C81: Rubble Master | D81: HS 11000 M | E81: 2020 | F81: TALLER | G81: Sin asignar | H81: Fuera de Servicio | I81: HORAS | J81: 250 | K81: 0
A82: EQP-16 | B82: Planta aridos | C82: Sandvik | D82: UH440I | E82: 2010 | H82: Fuera de Servicio | I82: HORAS | J82: 250 | K82: 2.74
A83: EQP-17 | B83: Planta Aridos seleccionadora | C83: Maximuss | D83: 512 | H83: Fuera de Servicio | I83: HORAS | J83: 250 | K83: 1.57
A84: EQP-18 | B84: Planta aridos | C84: Kleemann | D84: Mc 110Z | E84: 2019 | G84: Roberto Tilleria | H84: Operativo | I84: HORAS | J84: 250 | K84: 1.99
A85: EQP-19 | B85: Planta aridos | C85: Iveco | D85: GeCursor 300ED | E85: 2008 | G85: Roberto Tilleria | H85: Operativo | I85: HORAS | J85: 250
A86: EQP-7 | B86: Planta aridos | C86: Sandvik | D86: UH440I | E86: 2010 | F86: San Nicolas | G86: Roberto Tilleria | H86: Operativo | I86: HORAS | J86: 250 | K86: 4.38
A87: EQP-9 | B87: Planta aridos | C87: Sandvik | D87: QJ341 | E87: 2014 | F87: PALMUCHO | G87: Roberto Tilleria | H87: Operativo | I87: HORAS | J87: 250
A88: MD-100 | B88: Excavadora | C88: Sany | D88: SY215CLC | E88: 2024 | F88: San Nicolas | G88: Sergio Gonzalez | H88: Operativo | I88: HORAS | J88: 250 | K88: 5.48
A89: MD-101 | B89: Motoniveladora | C89: Komatsu | D89: GD675 5 | E89: 2018 | F89: PALMUCHO | G89: Bernardo Escanilla | H89: Operativo | I89: HORAS | J89: 250 | K89: 3.52
A90: MD-102 | B90: Rodillo | C90: Bomag | D90: BW211 D40 | E90: 2014 | F90: Cobquecura | G90: No identificado | H90: Operativo | I90: HORAS | J90: 250 | K90: 3.58
A91: MD-103 | B91: Rodillo | C91: Bomag | D91: BW211 D5 | E91: 2019 | F91: Q-459 | G91: No identificado | H91: Operativo | I91: HORAS | J91: 250 | K91: 2.86
A92: MD-104 | B92: Excavadora | C92: Sany | D92: SY215CLC | E92: 2024 | F92: Pelluhue | G92: Rodolfo Benavides Flores | H92: Operativo | I92: HORAS | J92: 250 | K92: 4.11
A93: MD-105 | B93: Cargador Frontal | C93: Hyundai | D93: HL7709S | E93: 2019 | F93: SAN NICOLAS | G93: No identificado | H93: Operativo | I93: HORAS | J93: 250 | K93: 2.06
A94: MD-106 | B94: Maquina Industrial | C94: Dieci | D94: L 3500 | E94: 2016 | H94: No operativo | I94: HORAS | J94: 250
A95: MD-107 | B95: Cargador Frontal | C95: Sany | D95: SW978K1 | E95: 2024 | H95: Operativo | I95: HORAS | J95: 250 | K95: 6.21
A96: MD-108 | B96: Rodillo de Neumaticos | C96: Hamm | D96: GRW 15 | E96: 2008 | F96: San Carlos | G96: Isaias Hernan Arriagada Aravena | H96: Operativo | I96: HORAS | J96: 250 | K96: 1.43
A97: MD-109 | B97: Motoniveladora | C97: Caterpillar | D97: 12M | E97: 2019 | F97: Palmucho | G97: Luis Alberto Cortes Espinoza | H97: Operativo | I97: HORAS | J97: 250 | K97: 2.96
A98: MD-110 | B98: Motoniveladora | C98: Caterpillar | D98: 12M | E98: 2019 | F98: Quirihue | H98: Operativo | I98: HORAS | J98: 250 | K98: 4.07
A99: MD-25 | B99: Motoniveladora | C99: John Deere | D99: 772 D | E99: 2010 | F99: San Carlos | G99: Felipe Santiago Ortiz Bustos | H99: Operativo | I99: HORAS | J99: 250 | K99: 1.87
A100: MD-26 | B100: Motoniveladora | C100: John Deere | D100: 772 D | E100: 2010 | F100: RETIRO | G100: No identificado | H100: Operativo | I100: HORAS | J100: 250 | K100: 2.88
A101: MD-28 | B101: Excavadora | C101: Doosan | D101: Dx225lca | E101: 2011 | F101: Villaseca | G101: Rodrigo Contreras | H101: Operativo | I101: HORAS | J101: 250 | K101: 1.39
...

Sheet Lecturas
A1: LECTURAS (EDITABLE)
A3: Fecha | B3: Codigo | C3: Horometro | D3: Kilometraje | E3: Obra / Ubicacion | F3: Responsable | G3: Observacion
A4: 45992 | B4: CD-102 | C4: 9760 | D4: 243430
A5: 45992 | B5: CD-105 | C5: 10176 | D5: 242917
A6: 45992 | B6: CD-106 | C6: 8086 | D6: 160815
A7: 45992 | B7: CD-109 | D7: 185393
A8: 45992 | B8: CD-118 | D8: 499939
A9: 45992 | B9: CD-119
A10: 45992 | B10: CD-120 | C10: 3060 | D10: 73204
A11: 45992 | B11: CD-121 | C11: 3066 | D11: 78773
A12: 45992 | B12: CD-122 | C12: 3226
A13: 45992 | B13: CD-123 | C13: 3247 | D13: 91853
A14: 45992 | B14: CD-127 | D14: 110496
A15: 45992 | B15: CD-132 | C15: 7197 | D15: 180015
A16: 45992 | B16: CD-136 | D16: 55357
A17: 45992 | B17: CD-51 | D17: 801969
A18: 43886 | B18: MD-49 | C18: 14728
A19: 45992 | B19: CD-78 | D19: 292374
A20: 45992 | B20: CD-87 | C20: 9048 | D20: 191998
A21: 45992 | B21: CD-89 | C21: 8330 | D21: 160933
A22: 45992 | B22: CD-90 | C22: 8851 | D22: 200968
A23: 45992 | B23: CD-94 | C23: 8546 | D23: 161780
A24: 45992 | B24: EQP-11 | C24: 1825
A25: 45992 | B25: EQP-16 | C25: 6245
A26: 45992 | B26: EQP-18 | C26: 4667
A27: 45992 | B27: EQP-7 | C27: 15287
A28: 45992 | B28: MD-105 | C28: 687
A29: 45992 | B29: MD-107 | C29: 890
A30: 45992 | B30: MD-25 | C30: 14311
A31: 45992 | B31: MD-36
A32: 45992 | B32: MD-82 | C32: 10065
A33: 45992 | B33: MD-83 | C33: 7826
A34: 45992 | B34: MD-84 | C34: 5415
A35: 45992 | B35: MD-88 | C35: 6347
A36: 45992 | B36: MD-95 | C36: 1445
A37: 45992 | B37: MD-99 | C37: 1777
A38: 45992 | B38: VD-102 | D38: 84917
A39: 45992 | B39: VD-103 | D39: 66693
A40: 45992 | B40: VD-108 | D40: 66531
A41: 45992 | B41: VD-113 | D41: 102655
A42: 45992 | B42: VD-115 | D42: 66920
A43: 45992 | B43: VD-120 | D43: 49635
A44: 45992 | B44: VD-126 | D44: 47750
A45: 45992 | B45: VD-130 | D45: 44392
A46: 45992 | B46: VD-130 | D46: 44392
A47: 45992 | B47: VD-130 | D47: 44525
A48: 45992 | B48: VD-138 | D48: 1354
A49: 45992 | B49: VD-64 | D49: 226410
... A59: 45992 | B59: VD-99 | D59: 94790
A60: 45993 | B60: CD-100 | C60: 28522
A61: 45993 | B61: CD-104 | C61: 10366
A62: 45993 | B62: CD-105 | C62: 10183 | D62: 243198
A63: 45993 | B63: CD-106 | C63: 8092 | D63: 161045
A64: 45993 | B64: CD-106 | C64: 8096 | D64: 161269
A65: 45993 | B65: CD-110 | D65: 268298
A66: 45993 | B66: CD-115 | D66: 319659
A67: 45993 | B67: CD-121 | C67: 3079 | D67: 79041
A68: 45993 | B68: CD-123 | C68: 3307 | D68: 92063
A69: 45993 | B69: CD-127 | D69: 110883
A70: 45993 | B70: CD-132 | C70: 7204 | D70: 180250
A71: 45993 | B71: CD-68 | D71: 259682
A72: 45993 | B72: CD-71 | D72: 138682
A73: 45993 | B73: CD-87 | C73: 9061 | D73: 192278
A74: 45993 | B74: CD-88 | C74: 1556 | D74: 193602
A75: 45993 | B75: CD-90 | C75: 8865 | D75: 201248
A76: 45993 | B76: CD-91 | C76: 8534 | D76: 188652
A77: 45993 | B77: ED-63 | C77: 115
A78: 45993 | B78: EQP-15 | C78: 5053
A79: 45993 | B79: EQP-7 | C79: 15298
A80: 45993 | B80: MD-100 | C80: 2163
A81: 45993 | B81: MD-102 | C81: 5318
A82: 45993 | B82: MD-104 | C82: 1180
A83: 45993 | B83: MD-105 | C83: 698
A84: 45993 | B84: MD-107 | C84: 903
A85: 45993 | B85: MD-26 | C85: 16672
A86: 45993 | B86: MD-39 | C86: 8812
A87: 45993 | B87: MD-41 | C87: 6914
A88: 45993 | B88: MD-46 | C88: 11699
... A92: 45993 | B92: MD-94 | C92: 2051
A93: 45993 | B93: VD-102 | D93: 85563
A94: 45993 | B94: VD-107 | D94: 67700
A95: 45993 | B95: VD-111 | D95: 50223
A96: 45993 | B96: VD-113 | D96: 102835
A97: 45993 | B97: VD-114 | D97: 49566
A98: 45993 | B98: VD-115 | D98: 67433
A99: 45993 | B99: VD-117 | D99: 38912
A100: 45993 | B100: VD-119 | D100: 39119
A101: 45993 | B101: VD-124 | D101: 39392
A102: 45993 | B102: VD-125 | D102: 47784
A103: 45993 | B103: VD-129 | D103: 62317
A104: 45993 | B104: VD-130 | D104: 44970
... A114: 45993 | B114: VD-98 | D114: 100503
A115: 45994 | B115: CD-104 | C115: 10330 | D115: 245655
A116: 45994 | B116: CD-105 | C116: 10194 | D116: 243499
A117: 45994 | B117: CD-113 | D117: 802920
A118: 45994 | B118: CD-114 | C118: 3659
A119: 45994 | B119: CD-118 | D119: 500502
A120: 45994 | B120: CD-120 | C120: 3069 | D120: 73434
A121: 45994 | B121: VD-122 | D121: 32414
A122: 45994 | B122: CD-123 | C122: 3317 | D122: 92211
...

Sheet Mantenciones
A1: MANTENCIONES (EDITABLE)
A3: Fecha | B3: Codigo | C3: Tipo Mantencion | D3: Lectura | E3: EsPM | F3: Folio | G3: Lugar | H3: Proveedor | I3: Costo Mantencion CLP | J3: Estado
A4: 45967 | B4: MD-57 | C4: Mantencion 250Hrs | D4: 13469 | E4: Sí | F4: 15910 | J4: Finalizada
A5: 45954 | B5: MD-83 | C5: Mantencion 250Hrs | D5: 7636 | E5: Sí | F5: 15906 | J5: Finalizada
A6: 45967 | B6: MD-68 | C6: Mantencion 250Hrs | D6: 3240 | E6: Sí | F6: 15908 | J6: Finalizada
A7: 45994 | B7: MD-83 | C7: Tensar Correa Aire | D7: 7843 | E7: No | J7: Finalizada
A8: 46042 | B8: MD-83 | C8: Mantencion 250Hrs | D8: 8046 | E8: Sí | J8: Finalizada
A9: 46042 | B9: MD-89 | C9: C. Deslizaderas Balde | D9: 9878 | E9: No | J9: Finalizada
A10: 45972 | B10: CD-88 | C10: Mantencion 250Hrs | D10: 1453 | E10: Sí | F10: 15913 | J10: Finalizada
A11: 45980 | B11: CD-102 | C11: Mantencion 300Hr | D11: 9695 | E11: Sí | F11: 15914 | J11: Finalizada
A12: 45982 | B12: MD-95 | C12: Mantencion 300Hr | D12: 1413 | E12: Sí | F12: 15178 | J12: Finalizada
A13: 45985 | B13: MD-88 | C13: Mantencion 300Hr | D13: 6327 | E13: Sí | F13: 15179 | J13: Finalizada
A14: 45989 | B14: MD-64 | C14: R. Aceite 2.5Lt. | D14: 11688 | E14: No | F14: 15756 | J14: Finalizada
A15: 46042 | B15: MD-89 | C15: C. Aceite Hidr. 20Lt | D15: 9878 | E15: No | J15: Finalizada
A16: 45993 | B16: CD-122 | C16: Engrace Completo | D16: 85284 | E16: No | F16: 15761 | J16: Finalizada
A17: 45993 | B17: MD-102 | C17: Mantencion 300Hr | D17: 5321 | E17: Sí | F17: 15184 | J17: Finalizada
A18: 46043 | B18: MD-83 | C18: C. Balde Reforzado | D18: 8047 | E18: No | J18: Finalizada
A19: 45995 | B19: MD-94 | C19: Mantencion 300Hr | D19: 2060 | E19: Sí | F19: 15186 | J19: Finalizada
A20: 46008 | B20: VD-78 | C20: Mantencion 10mil | D20: 128090 | E20: Sí | F20: SN | J20: Finalizada
A21: 46009 | B21: VD-77 | C21: Mantencion * | D21: 128838 | E21: Sí | F21: SN | J21: Finalizada
A22: 46014 | B22: CD-97 | C22: Mantencion * | D22: 530211 | E22: Sí | F22: SN | J22: Finalizada
A23: 46015 | B23: CD-69 | C23: Mantencion 300Hr | D23: 461588 | E23: Sí | F23: 389 | J23: Finalizada
A24: 46028 | B24: MD-73 | C24: Mantencion * | D24: 17076 | E24: Sí | F24: 389 | J24: Finalizada
A25: 46028 | B25: CD-142 | C25: Mantencion * | D25: 331891 | E25: Sí | F25: 389 | J25: Finalizada
A26: 45971 | B26: MD-96 | C26: Mantencion * | D26: 1496 | E26: Sí | F26: 15912 | J26: Finalizada
A27: 46031 | B27: MD-109 | C27: Mantencion * | D27: 87661 | E27: Sí | F27: 389 | J27: Finalizada
A28: 46034 | B28: VD-119 | C28: Mantencion * | E28: Sí | F28: 389 | J28: Finalizada
A29: 46034 | B29: VD-84 | C29: Mantencion 10mil | D29: 118530 | E29: Sí | F29: SN | J29: Finalizada
A30: 46034 | B30: ED-73 | C30: Mantencion * | D30: 681 | E30: Sí | J30: Finalizada
A31: 45908 | B31: MD-107 | C31: Mantencion * | D31: 393 | E31: Sí | F31: 15911 | J31: Finalizada
A32: 46035 | B32: VD-91 | C32: Mantencion 10mil | D32: 105667 | E32: Sí | F32: 389 | J32: Finalizada
A33: 46036 | B33: VD-97 | C33: 138841 | D33: 99553 | E33: No | F33: 389 | J33: Finalizada
A34: 46036 | B34: VD-76 | C34: Mantencion 10mil | D34: 157018 | E34: Sí | F34: 389 | J34: Finalizada
A35: 46037 | B35: MD-25 | C35: R. Aceite Hidr. | E35: No | F35: 15429 | J35: Finalizada
A36: 46037 | B36: CD-109 | C36: Bateria | E36: No | F36: 15428 | J36: Finalizada
A37: 45967 | B37: MD-107 | C37: Mantencion * | D37: 748 | E37: Sí | F37: 15911 | J37: Finalizada
A38: 46037 | B38: VD-95 | C38: Mantencion 15000 | D38: 136208 | E38: Sí | F38: 389 | J38: Finalizada
A39: 45967 | B39: MD-100 | C39: Mantencion 300Hr | D39: 2000 | E39: Sí | F39: 15909 | J39: Finalizada
A40: 46041 | B40: CD-119 | C40: Engrace Completo | E40: No | J40: Finalizada
A41: 45992 | B41: MD-104 | E41: No | J41: Finalizada
A42: 46028 | B42: MD-100 | C42: Mantencion 300Hr | D42: 2600 | E42: Sí | F42: 15920 | J42: Finalizada
A43: 46035 | B43: MD-107 | C43: Mantencion * | D43: 1112 | E43: Sí | F43: 15921 | J43: Finalizada
A44: 46043 | B44: MD-109 | C44: R. Aceite Hidr. 10Lt | E44: No | J44: Finalizada
A45: 46044 | B45: CD-132 | C45: Mantencion * | D45: 189042 | E45: Sí | J45: Finalizada
A46: 46044 | B46: VD-116 | C46: C. Past. Freno | D46: 76996 | E46: No | J46: Finalizada
A47: 46044 | B47: CD-106 | C47: Mantencion | D47: 8319 | E47: Sí | J47: Finalizada
A48: 46045 | B48: CD-122 | C48: AdBlue 30LT. | D48: 3458 | E48: No | J48: Finalizada
A49: 46045 | B49: CD-132 | C49: AdBlue 40LT. | D49: 96939 | E49: No | F49: 15946 | J49: Finalizada
A50: 46049 | B50: MD-75 | C50: Mantencion 300Hr | E50: Sí | F50: 15440 | J50: Finalizada
A51: 46050 | B51: MD-101 | C51: Mantencion | D51: 9814 | E51: Sí | J51: Finalizada
A52: 46050 | B52: VD-111 | C52: Mantencion | D52: 54500 | E52: Sí | J52: Finalizada
A53: 46057 | B53: MD-56 | C53: Mantencion | D53: 15554 | E53: Sí | J53: Finalizada
A54: 46065 | B54: VD-78 | C54: Mantencion 10mil | D54: 138841 | E54: Sí | J54: Finalizada
A55: 46066 | B55: MD-109 | C55: C. Bateria 100A 12V | D55: 8780 | E55: No | J55: Finalizada
A56: 46066 | B56: CD-87 | C56: Mantencion | D56: 9302 | E56: Sí | J56: Finalizada
A57: 46072 | B57: VD-122 | C57: Mantencion de 10000KM | D57: 39996 | E57: Sí | F57: 16152 | J57: Finalizada
A58: 46073 | B58: VD-125 | C58: Mantencion de 10000KM | D58: 58306 | E58: Sí | F58: Ext | J58: Finalizada
A59: 46073 | B59: CD-69 | C59: Mantencion 300Hr | D59: 12750 | E59: Sí | F59: 15104 | J59: Finalizada
A60: 46073 | B60: VD-115 | C60: Mantencion de 10000KM | D60: 61470 | E60: Sí | F60: 15102 | J60: Finalizada
A61: 46074 | B61: VD-116 | C61: Mantencion de 10000KM | D61: 61948 | E61: Sí | F61: 15101 | J61: Finalizada
A62: 45965 | B62: VD-112 | C62: Mantencion de 10000KM | D62: 81949 | E62: Sí | F62: 389 | J62: Finalizada
A63: 45618 | B63: MD-78 | D63: 4240 | E63: No | J63: Finalizada
A64: 46043 | B64: MD-109 | C64: R. Aceite Hidraulico | E64: No | J64: Finalizada
A65: 45859 | B65: VD-78 | C65: Mantencion de 10000KM | D65: 110210 | E65: Sí | J65: Finalizada
A66: 45860 | B66: CD-134 | D66: 73978 | E66: No | J66: Finalizada
A67: 46066 | B67: MD-100 | C67: Mantencion 300Hr | D67: 2610 | E67: Sí | F67: 15961 | J67: Finalizada
A68: 46055 | B68: VD-110 | C68: Mantencion 10mil | D68: 79968 | E68: Sí | F68: 15956 | J68: Finalizada
A69: 46062 | B69: CD-102 | C69: Mantencion 300Hr | E69: Sí | F69: 15959 | J69: Finalizada
A70: 46060 | B70: CD-104 | C70: Mantencion 300Hr | E70: Sí | F70: nn | J70: Finalizada
A71: 46078 | B71: VD-29 | C71: Mantencion 10mil | E71: Sí | F71: nn | J71: Finalizada
B72: VD-120 | E72: No | J72: Finalizada
B73: VD-100 | C73: Mantencion 10mil | D73: 89665 | E73: Sí | J73: Finalizada
A74: 46086 | B74: MD-26 | C74: Mantencion 250Hrs | D74: 16953 | E74: Sí | J74: Finalizada
A75: 46086 | B75: CD-120 | C75: Mantencion 250Hrs | D75: 3406 | E75: Sí | J75: Finalizada
A76: 46085 | B76: CD-121 | C76: Mantencion 250Hrs | D76: 3468 | E76: Sí | J76: Finalizada
A77: 46086 | B77: CD-140 | C77: Mantencion 10000Km | D77: 295000 | E77: Sí | J77: Finalizada
A78: 46084 | B78: CD-122 | C78: Mantencion 250Hrs | D78: 3654 | E78: Sí | J78: Finalizada
A79: 46083 | B79: CD-88 | C79: Mantencion 250Hrs | D79: 1978 | E79: Sí | J79: Finalizada
B80: CD-125 | E80: No | J80: Finalizada
A81: 46086 | B81: VD-107 | C81: Mantencion 15000Km | D81: 75400 | E81: Sí | G81: Rosselot | I81: 425505 | J81: Finalizada
A82: 46071 | B82: VD-112 | C82: Mantencion 15000Km | D82: 107335 | E82: Sí | J82: Finalizada
A83: 46087 | B83: VD-102 | C83: Mantencion 15000Km | D83: 105962 | E83: Sí | F83: 105962 | J83: Finalizada
A84: 46093 | B84: VD-88 | C84: Mantencion 15000Km | D84: 123772 | E84: Sí | G84: Palmucho | J84: Finalizada
A85: 46093 | B85: CD-109 | C85: Mantencion 10000Km | D85: 189849 | E85: Sí | G85: Q-61 | J85: Finalizada
A86: 46092 | B86: MD-67 | C86: Mantencion 250Hrs | D86: 3745 | E86: Sí | G86: Q-61 | H86: COM. PUENTES DE MAULE LTDA. | I86: 177476 | J86: Finalizada
A87: 46097 | B87: EQP-7 | C87: Mantencion 250Hrs | D87: 15727 | E87: Sí | G87: San Nicolas | I87: 866929 | J87: Finalizada
A88: 46094 | B88: VD-109 | C88: Mantencion 15000Km | D88: 107210 | E88: Sí | G88: Rosselot | I88: 405817 | J88: Finalizada
A89: 46094 | B89: MD-70 | C89: Mantencion 250Hrs | D89: 13040 | E89: Sí | F89: 17151 | G89: Pelluhue | H89: SOCIEDAD COMERCIAL SOCOFIL LIMITADA | I89: 89099.98 | J89: Finalizada
A90: 46098 | B90: MD-73 | C90: Mantencion 250Hrs | D90: 17296 | E90: Sí | F90: 17155 | G90: Curico | H90: COM. PUENTES DE MAULE LTDA. | I90: 289773.33 | J90: Finalizada
A91: 46094 | B91: MD-62 | C91: Mantencion 250Hrs | D91: 17152 | E91: Sí | F91: 17152 | G91: Curico | H91: H.V.O. COMERCIAL Y TRANSPORTES SPA | I91: 277000 | J91: Finalizada
A92: 46094 | B92: MD-57 | C92: Mantencion 250Hrs | D92: 13650 | E92: Sí | F92: 17153 | G92: Curico | H92: HD HYUNDAI INFRACORE CHILE S.A | I92: 125352 | J92: Finalizada
A93: 46057 | B93: MD-68 | C93: Mantencion 250Hrs | D93: 3472 | E93: Sí | H93: COM. PUENTES DE MAULE LTDA. | I93: 177476 | J93: Finalizada
A94: 46098 | B94: MD-102 | C94: Mantencion 250Hrs | D94: 5648 | E94: Sí | F94: 15994 | G94: Cobquecura | H94: COM. PUENTES DE MAULE LTDA. | I94: 177476 | J94: Finalizada
A95: 46093 | B95: CD-122 | C95: Mantencion 250Hrs | D95: 3694 | E95: Sí | F95: 15992 | G95: San Nicolas | H95: UNIÓN TÉCNICA AUTOMOTRIZ LTDA. | I95: 231191 | J95: Finalizada
A96: 46093 | B96: MD-75 | C96: Mantencion 500Hrs | D96: 1713 | E96: Sí | G96: Quirihue | H96: COM. PUENTES DE MAULE LTDA. | I96: 133882.14 | J96: Finalizada
A97: 46086 | B97: VD-138 | C97: Mantencion 15000Km | D97: 14872 | E97: Sí | G97: Kaufmann | H97: KAUFMANN S A VEHICULOS MOTORIZADOS | I97: 252383 | J97: Finalizada
A98: 46099 | B98: VD-140 | C98: Mantencion 15000Km | D98: 22254 | E98: Sí | G98: Kaufmann | H98: KAUFMANN S A VEHICULOS MOTORIZADOS | I98: 310988 | J98: Finalizada
A99: 46099 | B99: VD-130 | C99: Mantencion 15000Km | D99: 78670 | E99: Sí | G99: Kaufmann | H99: KAUFMANN S A VEHICULOS MOTORIZADOS | I99: 487719 | J99: Finalizada
A100: 46099 | B100: VD-97 | C100: Mantencion 15000Km | D100: 110602 | E100: Sí | G100: Kaufmann | H100: KAUFMANN S A VEHICULOS MOTORIZADOS | I100: 276888 | J100: Finalizada
A101: 46099 | B101: VD-123 | C101: Mantencion 10000Km | D101: 78795 | E101: Sí | F101: 15106 | G101: Taller | H101: SOCIEDAD COMERCIAL SOCOFIL LIMITADA | I101: 32014 | J101: Finalizada
...

Sheet Compras PM
A1: COMPRAS PM (EDITABLE)
A3: Fecha | B3: OC | C3: Codigo | D3: Descripcion | E3: Proveedor | F3: Costo PM CLP | G3: Regla | H3: Estado OC
A4: 46065.424 | B4: DEMO-02-7629 | C4: CD-69 | D4: FILTRO COMBUSTIBLE CD-69 | E4: DISTRIBUIDORA SOS FILTROS SpA | F4: 16422 | G4: Directo Equipo | H4: OC Cancelada
A5: 46065.519 | B5: DEMO-02-7633 | D5: SC-2-6076 KIT FILTROS PEUGEOT | E5: SOCIEDAD COMERCIAL SOCOFIL LIMITADA | F5: 322014 | G5: Preventivo sin equipo | H5: OC Aprobada
A6: 46069.442 | B6: DEMO-02-7642 | D6: SC-02-6084 KIT DE FILTROS MANTENCIO | E6: SOCIEDAD COMERCIAL SOCOFIL LIMITADA | F6: 21999.996 | G6: Prorrateo MAN | H6: OC Cancelada
A7: 46069.442 | B7: DEMO-02-7642 | C7: CD-103 | D7: SC-02-6084 KIT DE FILTROS MANTENCIO | E7: SOCIEDAD COMERCIAL SOCOFIL LIMITADA | F7: 21999.996 | G7: Prorrateo MAN | H7: OC Cancelada | W7: =IF(V7="FUERA DE SERVICIO","FUERA DE SERVICIO",IF(V7="SIN LECTURA / REVISAR","REVISAR 'Compras_PM'!C178LECTURA",IF(COUNTIFS(tblBodega[Codigo],A7)>0,"EN PROCESO",IF(OR(P7="",R7=""),"AL DÍA",IF(((J7+R7)-O7)<0,"ATRASADA",IF(((J7+R7)-O7)<=IF(K7=0,0,K7*7),"PRÓXIMA","AL DÍA")))))) -> AL DÍA
A8: 46069.442 | B8: DEMO-02-7642 | C8: CD-104 | D8: SC-02-6084 KIT DE FILTROS MANTENCIO | E8: SOCIEDAD COMERCIAL SOCOFIL LIMITADA | F8: 21999.996 | G8: Prorrateo MAN | H8: OC Cancelada
A9: 46069.442 | B9: DEMO-02-7642 | C9: CD-105 | D9: SC-02-6084 KIT DE FILTROS MANTENCIO | E9: SOCIEDAD COMERCIAL SOCOFIL LIMITADA | F9: 21999.996 | G9: Prorrateo MAN | H9: OC Cancelada
A10: 46069.442 | B10: DEMO-02-7642 | D10: SC-02-6084 KIT DE FILTROS MANTENCIO | E10: SOCIEDAD COMERCIAL SOCOFIL LIMITADA | F10: 21999.996 | G10: Prorrateo MAN | H10: OC Cancelada
A11: 46069.442 | B11: DEMO-02-7642 | C11: CD-107 | D11: SC-02-6084 KIT DE FILTROS MANTENCIO | E11: SOCIEDAD COMERCIAL SOCOFIL LIMITADA | F11: 21999.996 | G11: Prorrateo MAN | H11: OC Cancelada
A12: 46069.442 | B12: DEMO-02-7642 | C12: CD-120 | D12: SC-02-6084 KIT DE FILTROS MANTENCIO | E12: SOCIEDAD COMERCIAL SOCOFIL LIMITADA | F12: 21999.996 | G12: Prorrateo MAN | H12: OC Cancelada
A13: 46069.442 | B13: DEMO-02-7642 | C13: CD-121 | D13: SC-02-6084 KIT DE FILTROS MANTENCIO | E13: SOCIEDAD COMERCIAL SOCOFIL LIMITADA | F13: 21999.996 | G13: Prorrateo MAN | H13: OC Cancelada
A14: 46069.442 | B14: DEMO-02-7642 | C14: CD-122 | D14: SC-02-6084 KIT DE FILTROS MANTENCIO | E14: SOCIEDAD COMERCIAL SOCOFIL LIMITADA | F14: 21999.996 | G14: Prorrateo MAN | H14: OC Cancelada
A15: 46069.442 | B15: DEMO-02-7642 | C15: CD-123 | D15: SC-02-6084 KIT DE FILTROS MANTENCIO | E15: SOCIEDAD COMERCIAL SOCOFIL LIMITADA | F15: 21999.996 | G15: Prorrateo MAN | H15: OC Cancelada
A16: 46069.442 | B16: DEMO-02-7642 | C16: CD-124 | D16: SC-02-6084 KIT DE FILTROS MANTENCIO | E16: SOCIEDAD COMERCIAL SOCOFIL LIMITADA | F16: 21999.996 | G16: Prorrateo MAN | H16: OC Cancelada
A17: 46069.442 | B17: DEMO-02-7642 | C17: CD-87 | D17: SC-02-6084 KIT DE FILTROS MANTENCIO | E17: SOCIEDAD COMERCIAL SOCOFIL LIMITADA | F17: 21999.996 | G17: Prorrateo MAN | H17: OC Cancelada
A18: 46069.442 | B18: DEMO-02-7642 | C18: CD-88 | D18: SC-02-6084 KIT DE FILTROS MANTENCIO | E18: SOCIEDAD COMERCIAL SOCOFIL LIMITADA | F18: 21999.996 | G18: Prorrateo MAN | H18: OC Cancelada
A19: 46069.442 | B19: DEMO-02-7642 | C19: CD-89 | D19: SC-02-6084 KIT DE FILTROS MANTENCIO | E19: SOCIEDAD COMERCIAL SOCOFIL LIMITADA | F19: 21999.996 | G19: Prorrateo MAN | H19: OC Cancelada
A20: 46069.442 | B20: DEMO-02-7642 | C20: CD-90 | D20: SC-02-6084 KIT DE FILTROS MANTENCIO | E20: SOCIEDAD COMERCIAL SOCOFIL LIMITADA | F20: 21999.996 | G20: Prorrateo MAN | H20: OC Cancelada
A21: 46069.442 | B21: DEMO-02-7642 | C21: CD-91 | D21: SC-02-6084 KIT DE FILTROS MANTENCIO | E21: SOCIEDAD COMERCIAL SOCOFIL LIMITADA | F21: 21999.996 | G21: Prorrateo MAN | H21: OC Cancelada
A22: 46069.442 | B22: DEMO-02-7642 | C22: CD-94 | D22: SC-02-6084 KIT DE FILTROS MANTENCIO | E22: SOCIEDAD COMERCIAL SOCOFIL LIMITADA | F22: 21999.996 | G22: Prorrateo MAN | H22: OC Cancelada
A23: 46069.447 | B23: DEMO-02-7643 | D23: SC-02-6085 KIT DE FILTROS MANTENCIO | E23: SOCIEDAD COMERCIAL SOCOFIL LIMITADA | F23: 5764.6988 | G23: Prorrateo MAN | H23: OC Aprobada
A24: 46069.447 | B24: DEMO-02-7643 | C24: CD-103 | D24: SC-02-6085 KIT DE FILTROS MANTENCIO | E24: SOCIEDAD COMERCIAL SOCOFIL LIMITADA | F24: 5764.6988 | G24: Prorrateo MAN | H24: OC Aprobada
A25: 46069.447 | B25: DEMO-02-7643 | C25: CD-104 | D25: SC-02-6085 KIT DE FILTROS MANTENCIO | E25: SOCIEDAD COMERCIAL SOCOFIL LIMITADA | F25: 5764.6988 | G25: Prorrateo MAN | H25: OC Aprobada
A26: 46069.447 | B26: DEMO-02-7643 | C26: CD-105 | D26: SC-02-6085 KIT DE FILTROS MANTENCIO | E26: SOCIEDAD COMERCIAL SOCOFIL LIMITADA | F26: 5764.6988 | G26: Prorrateo MAN | H26: OC Aprobada
A27: 46069.447 | B27: DEMO-02-7643 | D27: SC-02-6085 KIT DE FILTROS MANTENCIO | E27: SOCIEDAD COMERCIAL SOCOFIL LIMITADA | F27: 5764.6988 | G27: Prorrateo MAN | H27: OC Aprobada
A28: 46069.447 | B28: DEMO-02-7643 | C28: CD-107 | D28: SC-02-6085 KIT DE FILTROS MANTENCIO | E28: SOCIEDAD COMERCIAL SOCOFIL LIMITADA | F28: 5764.6988 | G28: Prorrateo MAN | H28: OC Aprobada
A29: 46069.447 | B29: DEMO-02-7643 | C29: CD-120 | D29: SC-02-6085 KIT DE FILTROS MANTENCIO | E29: SOCIEDAD COMERCIAL SOCOFIL LIMITADA | F29: 5764.6988 | G29: Prorrateo MAN | H29: OC Aprobada
A30: 46069.447 | B30: DEMO-02-7643 | C30: CD-121 | D30: SC-02-6085 KIT DE FILTROS MANTENCIO | E30: SOCIEDAD COMERCIAL SOCOFIL LIMITADA | F30: 5764.6988 | G30: Prorrateo MAN | H30: OC Aprobada
A31: 46069.447 | B31: DEMO-02-7643 | C31: CD-122 | D31: SC-02-6085 KIT DE FILTROS MANTENCIO | E31: SOCIEDAD COMERCIAL SOCOFIL LIMITADA | F31: 5764.6988 | G31: Prorrateo MAN | H31: OC Aprobada
A32: 46069.447 | B32: DEMO-02-7643 | C32: CD-123 | D32: SC-02-6085 KIT DE FILTROS MANTENCIO | E32: SOCIEDAD COMERCIAL SOCOFIL LIMITADA | F32: 5764.6988 | G32: Prorrateo MAN | H32: OC Aprobada
A33: 46069.447 | B33: DEMO-02-7643 | C33: CD-124 | D33: SC-02-6085 KIT DE FILTROS MANTENCIO | E33: SOCIEDAD COMERCIAL SOCOFIL LIMITADA | F33: 5764.6988 | G33: Prorrateo MAN | H33: OC Aprobada
A34: 46069.447 | B34: DEMO-02-7643 | C34: CD-87 | D34: SC-02-6085 KIT DE FILTROS MANTENCIO | E34: SOCIEDAD COMERCIAL SOCOFIL LIMITADA | F34: 5764.6988 | G34: Prorrateo MAN | H34: OC Aprobada
A35: 46069.447 | B35: DEMO-02-7643 | C35: CD-88 | D35: SC-02-6085 KIT DE FILTROS MANTENCIO | E35: SOCIEDAD COMERCIAL SOCOFIL LIMITADA | F35: 5764.6988 | G35: Prorrateo MAN | H35: OC Aprobada
A36: 46069.447 | B36: DEMO-02-7643 | C36: CD-89 | D36: SC-02-6085 KIT DE FILTROS MANTENCIO | E36: SOCIEDAD COMERCIAL SOCOFIL LIMITADA | F36: 5764.6988 | G36: Prorrateo MAN | H36: OC Aprobada
A37: 46069.447 | B37: DEMO-02-7643 | C37: CD-90 | D37: SC-02-6085 KIT DE FILTROS MANTENCIO | E37: SOCIEDAD COMERCIAL SOCOFIL LIMITADA | F37: 5764.6988 | G37: Prorrateo MAN | H37: OC Aprobada
A38: 46069.447 | B38: DEMO-02-7643 | C38: CD-91 | D38: SC-02-6085 KIT DE FILTROS MANTENCIO | E38: SOCIEDAD COMERCIAL SOCOFIL LIMITADA | F38: 5764.6988 | G38: Prorrateo MAN | H38: OC Aprobada
A39: 46069.447 | B39: DEMO-02-7643 | C39: CD-94 | D39: SC-02-6085 KIT DE FILTROS MANTENCIO | E39: SOCIEDAD COMERCIAL SOCOFIL LIMITADA | F39: 5764.6988 | G39: Prorrateo MAN | H39: OC Aprobada
... A45: 46072.697 | B45: DEMO-02-7676 | C45: MD-84 | D45: SC-02-6093 KIT FILTROS MD-84 | E45: SALINAS Y FABRES | F45: 456581.58 | G45: Directo Equipo | H45: OC Enviada a Proveedor
A46: 46073.411 | B46: DEMO-02-7682 | D46: SC-02-FILTROS CAMIONES MAN (STOCK T | E46: AUTOMOTORA ALAMEDA SPA | F46: 13095.53 | G46: Prorrateo MAN | H46: OC Aprobada
A47: 46073.411 | B47: DEMO-02-7682 | C47: CD-103 | D47: SC-02-FILTROS CAMIONES MAN (STOCK T | E47: AUTOMOTORA ALAMEDA SPA | F47: 13095.53 | G47: Prorrateo MAN | H47: OC Aprobada
A48: 46073.411 | B48: DEMO-02-7682 | C48: CD-104 | D48: SC-02-FILTROS CAMIONES MAN (STOCK T | E48: AUTOMOTORA ALAMEDA SPA | F48: 13095.53 | G48: Prorrateo MAN | H48: OC Aprobada
A49: 46073.411 | B49: DEMO-02-7682 | C49: CD-105 | D49: SC-02-FILTROS CAMIONES MAN (STOCK T | E49: AUTOMOTORA ALAMEDA SPA | F49: 13095.53 | G49: Prorrateo MAN | H49: OC Aprobada
A50: 46073.411 | B50: DEMO-02-7682 | D50: SC-02-FILTROS CAMIONES MAN (STOCK T | E50: AUTOMOTORA ALAMEDA SPA | F50: 13095.53 | G50: Prorrateo MAN | H50: OC Aprobada
A51: 46073.411 | B51: DEMO-02-7682 | C51: CD-107 | D51: SC-02-FILTROS CAMIONES MAN (STOCK T | E51: AUTOMOTORA ALAMEDA SPA | F51: 13095.53 | G51: Prorrateo MAN | H51: OC Aprobada
A52: 46073.411 | B52: DEMO-02-7682 | C52: CD-120 | D52: SC-02-FILTROS CAMIONES MAN (STOCK T | E52: AUTOMOTORA ALAMEDA SPA | F52: 13095.53 | G52: Prorrateo MAN | H52: OC Aprobada
A53: 46073.411 | B53: DEMO-02-7682 | C53: CD-121 | D53: SC-02-FILTROS CAMIONES MAN (STOCK T | E53: AUTOMOTORA ALAMEDA SPA | F53: 13095.53 | G53: Prorrateo MAN | H53: OC Aprobada
A54: 46073.411 | B54: DEMO-02-7682 | C54: CD-122 | D54: SC-02-FILTROS CAMIONES MAN (STOCK T | E54: AUTOMOTORA ALAMEDA SPA | F54: 13095.53 | G54: Prorrateo MAN | H54: OC Aprobada
A55: 46073.411 | B55: DEMO-02-7682 | C55: CD-123 | D55: SC-02-FILTROS CAMIONES MAN (STOCK T | E55: AUTOMOTORA ALAMEDA SPA | F55: 13095.53 | G55: Prorrateo MAN | H55: OC Aprobada
A56: 46073.411 | B56: DEMO-02-7682 | C56: CD-124 | D56: SC-02-FILTROS CAMIONES MAN (STOCK T | E56: AUTOMOTORA ALAMEDA SPA | F56: 13095.53 | G56: Prorrateo MAN | H56: OC Aprobada
A57: 46073.411 | B57: DEMO-02-7682 | C57: CD-87 | D57: SC-02-FILTROS CAMIONES MAN (STOCK T | E57: AUTOMOTORA ALAMEDA SPA | F57: 13095.53 | G57: Prorrateo MAN | H57: OC Aprobada
A58: 46073.411 | B58: DEMO-02-7682 | C58: CD-88 | D58: SC-02-FILTROS CAMIONES MAN (STOCK T | E58: AUTOMOTORA ALAMEDA SPA | F58: 13095.53 | G58: Prorrateo MAN | H58: OC Aprobada
A59: 46073.411 | B59: DEMO-02-7682 | C59: CD-89 | D59: SC-02-FILTROS CAMIONES MAN (STOCK T | E59: AUTOMOTORA ALAMEDA SPA | F59: 13095.53 | G59: Prorrateo MAN | H59: OC Aprobada
A60: 46073.411 | B60: DEMO-02-7682 | C60: CD-90 | D60: SC-02-FILTROS CAMIONES MAN (STOCK T | E60: AUTOMOTORA ALAMEDA SPA | F60: 13095.53 | G60: Prorrateo MAN | H60: OC Aprobada
A61: 46073.411 | B61: DEMO-02-7682 | C61: CD-91 | D61: SC-02-FILTROS CAMIONES MAN (STOCK T | E61: AUTOMOTORA ALAMEDA SPA | F61: 13095.53 | G61: Prorrateo MAN | H61: OC Aprobada
A62: 46073.411 | B62: DEMO-02-7682 | C62: CD-94 | D62: SC-02-FILTROS CAMIONES MAN (STOCK T | E62: AUTOMOTORA ALAMEDA SPA | F62: 13095.53 | G62: Prorrateo MAN | H62: OC Aprobada
A63: 46073.524 | B63: DEMO-02-7686 | C63: VD-29 | D63: SC-02-6095 KIR FILTROS VD-29 | E63: KAUFMANN S A VEHICULOS MOTORIZADOS | F63: 61356.4 | G63: Directo Equipo | H63: OC Aprobada
A64: 46073.541 | B64: DEMO-02-7688 | D64: FILTROS BOTELLA MAN | E64: FORTI SPA | F64: 7700 | G64: Prorrateo MAN | H64: OC Aprobada
A65: 46073.541 | B65: DEMO-02-7688 | C65: CD-103 | D65: FILTROS BOTELLA MAN | E65: FORTI SPA | F65: 7700 | G65: Prorrateo MAN | H65: OC Aprobada
A66: 46073.541 | B66: DEMO-02-7688 | C66: CD-104 | D66: FILTROS BOTELLA MAN | E66: FORTI SPA | F66: 7700 | G66: Prorrateo MAN | H66: OC Aprobada
A67: 46073.541 | B67: DEMO-02-7688 | C67: CD-105 | D67: FILTROS BOTELLA MAN | E67: FORTI SPA | F67: 7700 | G67: Prorrateo MAN | H67: OC Aprobada
A68: 46073.541 | B68: DEMO-02-7688 | D68: FILTROS BOTELLA MAN | E68: FORTI SPA | F68: 7700 | G68: Prorrateo MAN | H68: OC Aprobada
A69: 46073.541 | B69: DEMO-02-7688 | C69: CD-107 | D69: FILTROS BOTELLA MAN | E69: FORTI SPA | F69: 7700 | G69: Prorrateo MAN | H69: OC Aprobada
A70: 46073.541 | B70: DEMO-02-7688 | C70: CD-120 | D70: FILTROS BOTELLA MAN | E70: FORTI SPA | F70: 7700 | G70: Prorrateo MAN | H70: OC Aprobada
A71: 46073.541 | B71: DEMO-02-7688 | C71: CD-121 | D71: FILTROS BOTELLA MAN | E71: FORTI SPA | F71: 7700 | G71: Prorrateo MAN | H71: OC Aprobada
A72: 46073.541 | B72: DEMO-02-7688 | C72: CD-122 | D72: FILTROS BOTELLA MAN | E72: FORTI SPA | F72: 7700 | G72: Prorrateo MAN | H72: OC Aprobada
A73: 46073.541 | B73: DEMO-02-7688 | C73: CD-123 | D73: FILTROS BOTELLA MAN | E73: FORTI SPA | F73: 7700 | G73: Prorrateo MAN | H73: OC Aprobada
A74: 46073.541 | B74: DEMO-02-7688 | C74: CD-124 | D74: FILTROS BOTELLA MAN | E74: FORTI SPA | F74: 7700 | G74: Prorrateo MAN | H74: OC Aprobada
A75: 46073.541 | B75: DEMO-02-7688 | C75: CD-87 | D75: FILTROS BOTELLA MAN | E75: FORTI SPA | F75: 7700 | G75: Prorrateo MAN | H75: OC Aprobada
A76: 46073.541 | B76: DEMO-02-7688 | C76: CD-88 | D76: FILTROS BOTELLA MAN | E76: FORTI SPA | F76: 7700 | G76: Prorrateo MAN | H76: OC Aprobada
A77: 46073.541 | B77: DEMO-02-7688 | C77: CD-89 | D77: FILTROS BOTELLA MAN | E77: FORTI SPA | F77: 7700 | G77: Prorrateo MAN | H77: OC Aprobada
A78: 46073.541 | B78: DEMO-02-7688 | C78: CD-90 | D78: FILTROS BOTELLA MAN | E78: FORTI SPA | F78: 7700 | G78: Prorrateo MAN | H78: OC Aprobada
A79: 46073.541 | B79: DEMO-02-7688 | C79: CD-91 | D79: FILTROS BOTELLA MAN | E79: FORTI SPA | F79: 7700 | G79: Prorrateo MAN | H79: OC Aprobada
A80: 46073.541 | B80: DEMO-02-7688 | C80: CD-94 | D80: FILTROS BOTELLA MAN | E80: FORTI SPA | F80: 7700 | G80: Prorrateo MAN | H80: OC Aprobada
... A116: 46085.665 | B116: DEMO-02-7820 | C116: MD-100 | D116: SC-02-6127 FILTROS MD-100 | E116: KAUFMANN S A VEHICULOS MOTORIZADOS | F116: 360956.75 | G116: Directo Equipo | H116: OC Aprobada
A117: 46086.416 | B117: DEMO-02-7825 | D117: SC-02-6122 FILTROS ZXAUTOS | E117: SOCIEDAD COMERCIAL SOCOFIL LIMITADA | F117: 18800.036 | G117: Preventivo sin equipo | H117: OC Aprobada
A118: 46086.422 | B118: DEMO-02-7826 | C118: MD-25 | D118: SC-02 FILTRO MD-25 MD-107 | E118: SOCIEDAD COMERCIAL SOCOFIL LIMITADA | F118: 26999.91 | G118: Directo Equipo | H118: OC Aprobada
A119: 46086.422 | B119: DEMO-02-7826 | C119: MD-107 | D119: SC-02 FILTRO MD-25 MD-107 | E119: SOCIEDAD COMERCIAL SOCOFIL LIMITADA | F119: 26999.91 | G119: Directo Equipo | H119: OC Aprobada
A120: 46086.517 | B120: DEMO-02-7830 | C120: VD-138 | D120: SC-02 MANTENCION EXTERNA VD-138 | E120: KAUFMANN S A VEHICULOS MOTORIZADOS | F120: 300335.77 | G120: Directo Equipo | H120: OC Aprobada
A121: 46086.626 | B121: DEMO-02-7833 | C121: VD-38 | D121: SC-02-6115 FILTROS VD-38 | E121: SOCIEDAD COMERCIAL SOCOFIL LIMITADA | F121: 40499.972 | G121: Directo Equipo | H121: OC Aprobada
A122: 46086.684 | B122: DEMO-02-7835 | C122: MD-82 | D122: SC-02-6138 FILTROS MD-82 | E122: COM. PUENTES DE MAULE LTDA. | F122: 321247.64 | G122: Directo Equipo | H122: OC Aprobada
A123: 46086.697 | B123: DEMO-02-7836 | C123: MD-105 | D123: SC-02-6135 FILTROS MD-105 | E123: COM. PUENTES DE MAULE LTDA. | F123: 255083.64 | G123: Directo Equipo | H123: OC Aprobada
A124: 46086.701 | B124: DEMO-02-7837 | C124: MD-76 | D124: SC-02-6136 FILTROS MD-76 | E124: COM. PUENTES DE MAULE LTDA. | F124: 283936.38 | G124: Directo Equipo | H124: OC Aprobada
A125: 46086.706 | B125: DEMO-02-7838 | C125: CD-127 | D125: SC-02-6140 FILTROS CD-127 | E125: COM. PUENTES DE MAULE LTDA. | F125: 222792.99 | G125: Directo Equipo | H125: OC Aprobada
A126: 46086.71 | B126: DEMO-02-7839 | C126: MD-95 | D126: SC-02-6132 FILTROS MD-95 | E126: COM. PUENTES DE MAULE LTDA. | F126: 133882.14 | G126: Directo Equipo | H126: OC Aprobada
A127: 46086.75 | B127: DEMO-02-7841 | C127: MD-85 | D127: SC-02-6123 FILTROS MD-85 | E127: COM. PUENTES DE MAULE LTDA. | F127: 206424.54 | G127: Directo Equipo | H127: OC Aprobada
A128: 46087.498 | B128: DEMO-02-7847 | C128: VD-1 | D128: SC-02-6163 MANTENCION EXTERNA VD-1 | E128: ROSSELOT Y FIGUEROA LIMITADA | F128: 506350.95 | G128: Directo Equipo | H128: OC Aprobada
A129: 46091.371 | B129: DEMO-02-7866 | C129: EQP-07 | D129: SC-02-6157 FILTROS EQP-7 | E129: COM. PUENTES DE MAULE LTDA. | F129: 111593.44 | G129: Directo Equipo | H129: OC Aprobada
A130: 46091.475 | B130: DEMO-02-7873 | C130: ED-61 | D130: SC-02-6171 FILTROS ED-61 | E130: SOCIEDAD COMERCIAL SOCOFIL LIMITADA | F130: 31799.977 | G130: Directo Equipo | H130: OC Aprobada
A131: 46091.502 | B131: DEMO-02-7877 | D131: SC-02 RETIRO DE FILTROS VACIOS | E131: VIA LIMPIA SPA | F131: 419696.04 | G131: Preventivo sin equipo | H131: OC Aprobada
A132: 46092.556 | B132: DEMO-02-7891 | C132: EQP-07 | D132: SC-02-6156 FILTROS EQP-7 | E132: COM. PUENTES DE MAULE LTDA. | F132: 119511.7 | G132: Directo Equipo | H132: OC Aprobada
A133: 46093.365 | B133: DEMO-02-7897 | C133: CD-119 | D133: SC-02-6178 KIT FILTROS CD-119 | E133: AUTOMOTORA ALAMEDA SPA | F133: 170432.99 | G133: Directo Equipo | H133: OC Aprobada
A134: 46093.447 | B134: DEMO-02-7900 | D134: SC-02-6177 FILTROS HID. MAN | E134: SOCIEDAD COMERCIAL SOCOFIL LIMITADA | F134: 6023.528 | G134: Prorrateo MAN | H134: OC Aprobada
A135: 46093.447 | B135: DEMO-02-7900 | C135: CD-103 | D135: SC-02-6177 FILTROS HID. MAN | E135: SOCIEDAD COMERCIAL SOCOFIL LIMITADA | F135: 6023.528 | G135: Prorrateo MAN | H135: OC Aprobada
A136: 46093.447 | B136: DEMO-02-7900 | C136: CD-104 | D136: SC-02-6177 FILTROS HID. MAN | E136: SOCIEDAD COMERCIAL SOCOFIL LIMITADA | F136: 6023.528 | G136: Prorrateo MAN | H136: OC Aprobada
A137: 46093.447 | B137: DEMO-02-7900 | C137: CD-105 | D137: SC-02-6177 FILTROS HID. MAN | E137: SOCIEDAD COMERCIAL SOCOFIL LIMITADA | F137: 6023.528 | G137: Prorrateo MAN | H137: OC Aprobada
A138: 46093.447 | B138: DEMO-02-7900 | D138: SC-02-6177 FILTROS HID. MAN | E138: SOCIEDAD COMERCIAL SOCOFIL LIMITADA | F138: 6023.528 | G138: Prorrateo MAN | H138: OC Aprobada
A139: 46093.447 | B139: DEMO-02-7900 | C139: CD-107 | D139: SC-02-6177 FILTROS HID. MAN | E139: SOCIEDAD COMERCIAL SOCOFIL LIMITADA | F139: 6023.528 | G139: Prorrateo MAN | H139: OC Aprobada
A140: 46093.447 | B140: DEMO-02-7900 | C140: CD-120 | D140: SC-02-6177 FILTROS HID. MAN | E140: SOCIEDAD COMERCIAL SOCOFIL LIMITADA | F140: 6023.528 | G140: Prorrateo MAN | H140: OC Aprobada
A141: 46093.447 | B141: DEMO-02-7900 | C141: CD-121 | D141: SC-02-6177 FILTROS HID. MAN | E141: SOCIEDAD COMERCIAL SOCOFIL LIMITADA | F141: 6023.528 | G141: Prorrateo MAN | H141: OC Aprobada
...

Sheet Bodega
A1: BODEGA (EDITABLE)
A3: Folio | B3: Fecha | C3: Equipo | D3: Envio | E3: Persona que retiro | F3: Destino | G3: Comentario | H3: Codigo
A4: 18005 | B4: 46062 | C4: CD-115 | D4: Filtros Incompletos | E4: JC Celedon | F4: Taller | G4: Filtro Secador de Aire | H4: CD-115
A5: 18053 | B5: 46065 | C5: MD-68 | D5: Filtros Completos | E5: Osvaldo Faundez | F5: San Nicolas | H5: MD-68
A6: 18039 | B6: 46071 | C6: VD-112 | D6: Filtro Completros | E6: Luis Valenzuela | F6: Taller | H6: VD-112
A7: 18043 | B7: 46072 | C7: VD-120 | D7: Filtro Completros | E7: Daniel Andrade | F7: Taller | H7: VD-120
A8: 18093 | B8: 46072 | C8: VD-120 | D8: Filtros Completos | E8: Marcos Soto | F8: Taller | H8: VD-120
A9: 18093 | B9: 46072 | C9: VD-122 | D9: Filtros Completos | E9: Marcos Soto | F9: Taller | H9: VD-122
A10: 18206 | B10: 46073 | C10: VD-60 | D10: Filtro Completros | E10: Carlos Verdugo | F10: Q-61 | H10: VD-60
A11: 18207 | B11: 46073 | C11: MD-41 | D11: Filtro Completros | E11: Carlos Verdugo | F11: Q-61 | H11: MD-41
A12: 18208 | B12: 46073 | C12: MD-45 | D12: Filtros Incompletos | E12: Carlos Verdugo | F12: Q-61 | H12: MD-45
A13: 18049 | B13: 46073 | C13: VD-115 | D13: Filtro Completros | E13: Daniel Andrade | F13: Taller | H13: VD-115
A14: 18253 | B14: 46073 | C14: CD-69 | D14: Filtros Completros | E14: Daniel Andrade | F14: Taller | G14: Se cambiaron y se compraron de nuevo el kit de aire motor | H14: CD-69
A15: 18225 | B15: 46077 | C15: CD-87 | D15: Filtro Secador | E15: Carlos Verdugo | F15: Palmucho | H15: CD-87
A16: 18226 | B16: 46077 | C16: VD-29 | D16: Filtros Completos | E16: Manuel Ortiz | F16: Cobquecura | H16: VD-29
A17: 18230 | B17: 46077 | C17: MD-84 | D17: Filtros Completos | F17: Quirihue | H17: MD-84
A18: 18236 | B18: 46078 | C18: MD-55 | D18: Filtro Completros | E18: Bernardo Salinas | F18: Palmucho | H18: MD-55
A19: 18236 | B19: 46078 | C19: MD-67 | D19: Filtro Completros | E19: Bernardo Salinas | F19: Palmucho | H19: MD-67
A20: 18264 | B20: 46078 | C20: VD-118 | D20: Filtro Completros | E20: Daniel Andrade | F20: Taller | H20: VD-118
A21: 18246 | B21: 46079 | C21: MD-62 | D21: Filtro Completros | E21: Marcos Soto | F21: Curico | H21: MD-62
A22: 18302 | B22: 46080 | C22: CD-123 | D22: Filtros Completos | E22: Marcos Soto | F22: Quirihue | H22: CD-123
A23: 18304 | B23: 46080 | C23: CD-121 | D23: Filtros Completos | F23: Cobquecura | H23: CD-121
A24: 18304 | B24: 46080 | C24: CD-120 | D24: Filtros Completos | F24: Cobquecura | H24: CD-120
A25: 18305 | B25: 46080 | C25: MD-94 | D25: Filtros Completos | F25: Cobquecura | H25: MD-94
A26: 18306 | B26: 46080 | C26: CD-140 | D26: Filtros Completos | F26: Cobquecura | H26: CD-140
A27: 18307 | B27: 46080 | C27: MD-26 | D27: Filtros Completos | F27: Cobquecura | H27: MD-26
A28: 18308 | B28: 46080 | C28: MD-95 | D28: Filtros Incompletos | F28: Quirihue | G28: Filtro decantador / Filtro Combustible / Filtro Aceite | H28: MD-95
A29: 18310 | B29: 46080 | C29: VD-124 | D29: Filtros Completos | F29: Cobquecura | H29: VD-124
A30: 18276 | B30: 46080 | C30: CD-125 | D30: Filtros Incompletos | E30: Patricio Novoa | G30: Filtro de combustible / Filtro de Aceite | H30: CD-125
A31: 18280 | B31: 46083 | C31: MD-51 | D31: Filtro Completros | F31: Palmucho | H31: MD-51
A32: 18284 | B32: 46083 | C32: MD-96 | D32: Filtros Completos | E32: Juan Roco | F32: San Carlos | H32: MD-96
A33: 18288 | B33: 46083 | C33: MD-94 | D33: Filtro Completros | F33: Palmucho | H33: MD-94
A34: 18289 | B34: 46083 | C34: MD-98 | D34: Filtros Completros | E34: Roberto Ventura | F34: Q-61 | H34: MD-98
A35: 18322 | B35: 46084 | C35: CD-107 | D35: Filtros Incompletos | E35: Daniel Andrade | F35: Taller | G35: Filtro decantador / Filtro Combustible | H35: CD-107
A36: 18332 | B36: 46085 | C36: CD-86 | D36: Filtros Completos | E36: Marcos Soto | F36: Quirihue | H36: CD-86
A37: 18332 | B37: 46085 | C37: VD-113 | D37: Filtros Completos | E37: Marcos Soto | F37: Quirihue | H37: VD-113
A38: 18337 | B38: 46085 | C38: MD-39 | D38: Filtro Completros | E38: Alejandro Poblete | F38: Colbun | H38: MD-39
A39: 18341 | B39: 46085 | C39: MD-25 | D39: Filtros Completos | F39: San Carlos | H39: MD-25
A40: 18360 | B40: 46087 | C40: MD-25 | D40: Aceite 15w40 | E40: Alejandro Poblete | F40: San Carlos | H40: MD-25
A41: 18360 | B41: 46087 | C41: VD-121 | D41: Filtros Completos | E41: Alejandro Poblete | F41: San Carlos | H41: VD-121
A42: 18361 | B42: 46087 | C42: VD-102 | D42: Filtros Completos | E42: Luis Valenzuela | H42: VD-102
A43: 18408 | B43: 46087 | C43: CD-71 | D43: Filtros Completos | E43: Carlos Verdugo | F43: Palmucho | H43: CD-71
A44: 18409 | B44: 46087 | C44: MD-61 | D44: Filtros Completos | E44: Carlos Verdugo | F44: Palmucho | H44: MD-61
A45: 18409 | B45: 46087 | C45: VD-114 | D45: Filtros Completos | E45: Carlos Verdugo | F45: Palmucho | H45: VD-114
A46: 18410 | B46: 46087 | C46: MD-109 | D46: Filtros Completos | E46: Carlos Verdugo | F46: Palmucho | H46: MD-109
A47: 18411 | B47: 46087 | C47: CD-132 | D47: Filtros Completos | E47: Carlos Verdugo | F47: Palmucho | H47: CD-132
A48: 18418 | B48: 46090 | C48: CD-140 | D48: Filtros Incompletos | E48: Juan San Martin | F48: Cobquecura | G48: Filtro de combustible | H48: CD-140
A49: 18430 | B49: 46090 | C49: MD-75 | D49: Filtros Incompletos | E49: Francisco Parra | F49: Retiro | G49: Filtros de Aire 1 y 2 | H49: MD-75
A50: 18438 | B50: 46090 | C50: MD-76 | D50: Filtros Completos | E50: Daniel Andrade | F50: Q-61 | H50: MD-76
A51: 18265 | B51: 46086 | C51: CD-88 | D51: Filtros Completos | E51: Carlos Vasquez | F51: Quirihue | H51: CD-88
A52: 18390 | B52: 46097 | C52: CD-90 | D52: Filtros Completos | E52: Jonathan Care | F52: Palmucho | H52: CD-90
A53: 18390 | B53: 46097 | C53: CD-94 | D53: Filtros Completos | E53: Jonathan Care | F53: Palmucho | H53: CD-94
A54: 18389 | B54: 46097 | C54: CD-98 | D54: Filtros Completos | E54: Jonathan Care | F54: Palmucho | H54: CD-98
A55: 18389 | B55: 46097 | C55: CD-96 | D55: Filtros Completos | E55: Jonathan Care | F55: Palmucho | H55: CD-96
A56: 18387 | B56: 46097 | C56: MD-82 | D56: Filtros Completos | E56: Jonathan Care | F56: Palmucho | H56: MD-82
A57: 18386 | B57: 46097 | C57: MD-67 | D57: Filtros Completos | E57: Jonathan Care | F57: Palmucho | H57: MD-67
A58: 18384 | B58: 46094 | C58: MD-57 | D58: Filtros Completos | E58: Juan Celedon | F58: San Carlos | H58: MD-57
A59: 18457 | B59: 46093 | C59: MD-89 | D59: Filtros Completos | E59: Marcos Soto | F59: Quirihue | H59: MD-89
A60: 18458 | B60: 46093 | C60: MD-103 | D60: Filtros Completos | E60: Marcos Soto | F60: Quirihue | H60: MD-103
A61: 18466 | B61: 46093 | C61: EQP-7 | D61: Filtros Completos | E61: Roberto Tilleria | F61: San Nicolas | H61: EQP-07
... A64: 18400 | B64: 46104 | C64: VD-28 | D64: Filtros Completos | E64: Alejandro Poblete | F64: Taller | H64: VD-28
B65: 46105 | C65: MD-28 | D65: Filtros Completos | E65: Juan Villalobos | F65: Villa Seca | H65: MD-28
B66: 46105 | C66: MD-49 | D66: Filtros Completos | E66: Juan Villalobos | F66: San Carlos | H66: MD-49
B67: 46105 | C67: MD-37 | D67: Filtros Completos | E67: Juan Villalobos | F67: Colbun | H67: MD-37
B68: 46105 | C68: EQP-11 | D68: Filtros Completos | E68: Osvaldo Faundez | F68: Palmucho | H68: EQP-11
B69: 46105 | C69: EQP-18 | D69: Filtros Completos | E69: Osvaldo Faundez | F69: Palmucho | H69: EQP-18
B70: 46105 | C70: CD-105 | D70: Filtros Completos | E70: Osvaldo Faundez | F70: Palmucho | H70: CD-105
B71: 46105 | C71: CD-89 | D71: Filtros Completos | E71: Osvaldo Faundez | F71: Palmucho | H71: CD-89
B72: 46104 | C72: ED-61 | D72: Filtros Completos | E72: Roberto Ventura | F72: Palmucho | H72: ED-61
B73: 46118 | C73: VD-103 | D73: Filtros Completos | F73: Taller | H73: VD-103
B74: 46118 | C74: VD-63 | D74: Filtros Completos | F74: Taller | H74: VD-63
B75: 46118 | C75: VD-79 | D75: Filtros Completos | F75: Taller | H75: VD-79
B76: 46118 | C76: VD-117 | D76: Filtros Completos | F76: Taller | H76: VD-117
B77: 46118 | C77: VD-92 | D77: Filtros Completos | F77: Taller | H77: VD-92
B78: 46119 | C78: VD-87 | D78: Filtros Completos | F78: Villa Seca | H78: VD-87
A79: 18560 | B79: 46106 | C79: VD-39 | D79: Filtros Completos | F79: Taller | H79: VD-39
A80: 18561 | B80: 46106 | C80: MD-71 | D80: Filtros Completos | F80: Taler | H80: MD-71
A81: 18570 | B81: 46111 | C81: MD-72 | D81: Filtros Completos | E81: Juan Celedon | F81: Taler | H81: MD-72
A82: 18585 | B82: 46118 | C82: VD-77 | D82: Filtros Completos | E82: Alejandro Poblete | F82: Taler | H82: VD-77
A83: 18589 | B83: 46119 | C83: VD-115 | D83: Filtros Completos | E83: Claudio Ramirez | F83: Taler | H83: VD-115
A84: 18592 | B84: 46125 | C84: VD-90 | D84: Filtros Completos | F84: Taler | H84: VD-90
A85: 18908 | B85: 46126 | C85: VD-92 | D85: Filtros Completos | E85: Sebastian Lastra | F85: Taler | H85: VD-92
A86: 18912 | B86: 46126 | C86: VD-112 | D86: Filtros Completos | E86: Luis Valenzuela | F86: Taler | H86: VD-112
A87: 18943 | B87: 46129 | C87: VD-76 | D87: Filtros Completos | E87: Alejandro Poblete | F87: Taler | H87: VD-76
A88: 18945 | B88: 46129 | C88: CD-127 | D88: Filtros Completos | E88: Juan Celedon | F88: Taler | H88: CD-127
B89: 46118 | C89: VD-84 | D89: Filtros Completos | F89: Taller | H89: VD-84
B90: 46119 | C90: VD-85 | D90: Filtros Completos | F90: Taller | H90: VD-85
B91: 46101 | C91: CD-110 | D91: Filtros Completos | F91: Taller | H91: CD-110
B92: 46120 | C92: MD-104 | D92: Filtros Completos | F92: Taller | H92: MD-104
B93: 46113 | C93: CD-100 | D93: Filtros Completos | F93: Taller | H93: CD-100
B94: 46101 | C94: MD-87 | D94: Filtros Completos | F94: Taller | H94: MD-87
B95: 46094 | C95: MD-70 | D95: Filtros Completos | F95: Taller | H95: MD-70
B96: 46100 | C96: MD-79 | D96: Filtros Completos | F96: Taller | H96: MD-79
B97: 46121 | C97: CD-136 | D97: Filtros Completos | F97: Taller | H97: CD-136
B98: 46111 | C98: MD-100 | D98: Filtros Completos | F98: Taller | H98: MD-100
B99: 46057 | C99: MD-56 | D99: Filtros Completos | F99: Taller | H99: MD-56
B100: 46086 | C100: VD-38 | D100: Filtros Completos | F100: Taller | H100: VD-38
... B102: 46101 | C102: MD-80 | D102: Filtros Completos | F102: Palmucho | H102: MD-80
B103: 46091 | C103: CD-109 | D103: Filtros Completos | H103: CD-109
B104: 46101 | C104: VD-94 | D104: Filtros Completos | H104: VD-94
...

Sheet Maestro_Equipos
A1: Maestro de Equipos
A3: Codigo | B3: Tipo Equipo | C3: Familia | D3: Marca | E3: Modelo | F3: Año | G3: Ubicacion | H3: Responsable | I3: Control Base | J3: Frecuencia Base | K3: Promedio Diario | L3: Ultima Fecha Lectura | M3: Ultimo Horometro | N3: Ultimo Kilometraje | O3: Lectura Actual | P3: Ultima Fecha PM | Q3: Ultima PM | R3: Ultima Lectura PM | S3: Costo Mantenciones CLP | T3: Costo Compras PM CLP | U3: Costo Total PM CLP | V3: Estado Operacional | W3: Estado CMMS | X3: Dias a Proxima Mantencion | Y3: Fecha Est. Proxima Mantencion | Z3: Fecha Compra PM | AA3: Fecha Salida Bodega | AB3: Tiempo Compra → Mantención | AC3: Tiempo Bodega → Mantención | AD3: Estado Bodega → Mantención | AE3: Estado Operativo Real | AF3: Prioridad Taller | AG3: Acción Sugerida | AH3: _CompraRequerida | AI3: _OrdenCompra | AJ3: Criticidad
A4: CD-69 | B4: Tracto Camión | C4: Camiones de Ruta | D4: Scania | E4: P400A | F4: 2018 | G4: {=IFERROR(INDEX(Lecturas!$E$4:$E$3549,MATCH(1,(Lecturas!$B$4:$B$3549=$A4)*(Lecturas!$E$4:$E$3549<>"")*(Lecturas!$A$4:$A$3549=_xlfn.MAXIFS(Lecturas!$A$4:$A$3549,Lecturas!$B$4:$B$3549,$A4,Lecturas!$E$4:$E$3549,"<>")),0)),"")} | H4: Pedro Rojas | I4: HORAS | J4: 250 | K4: =IFERROR(IF($I4="KM",ROUND((_xlfn.MAXIFS(tblLecturas[Kilometraje],tblLecturas[Codigo],$A4)-_xlfn.MINIFS(tblLecturas[Kilometraje],tblLecturas[Codigo],$A4))/(MAX(1,_xlfn.MAXIFS(tblLecturas[Fecha],tblLecturas[Codigo],$A4)-_xlfn.MINIFS(tblLecturas[Fecha],tblLecturas[Codigo],$A4))),1),ROUND((_xlfn.MAXIFS(tblLecturas[Horometro],tblLecturas[Codigo],$A4)-_xlfn.MINIFS(tblLecturas[Horometro],tblLecturas[Codigo],$A4))/(MAX(1,_xlfn.MAXIFS(tblLecturas[Fecha],tblLecturas[Codigo],$A4)-_xlfn.MINIFS(tblLecturas[Fecha],tblLecturas[Codigo],$A4))),1)),"") -> 0.6 | L4: =IFERROR(_xlfn.MAXIFS(tblLecturas[Fecha],tblLecturas[Codigo],$A4),"") -> 46107 | M4: =IFERROR(_xlfn.MAXIFS(Lecturas!$C:$C,Lecturas!$B:$B,$A4,Lecturas!$C:$C,">0"),"") -> 8002 | N4: =IFERROR(_xlfn.MAXIFS(tblLecturas[Kilometraje],tblLecturas[Codigo],$A4,tblLecturas[Kilometraje],">0"),"") -> 775645 | O4: {=IFERROR(IF($I4="KM",LOOKUP(2,1/(Lecturas!$B:$B=$A4)/(Lecturas!$D:$D>0),Lecturas!$D:$D),LOOKUP(2,1/(Lecturas!$B:$B=$A4)/(Lecturas!$C:$C>0),Lecturas!$C:$C)),"")} -> 8002 | P4: =IFERROR(_xlfn.MAXIFS(tblMantenciones[Fecha],tblMantenciones[Codigo],tblMaestroEquipos[[#This Row],[Codigo]],tblMantenciones[EsPM],"Sí"),"") -> 46073 | Q4: =IF(_xlfn.MAXIFS(Mantenciones!$D:$D,Mantenciones!$B:$B,A4)=0,"Sin datos de mantención registrado",_xlfn.MAXIFS(Mantenciones!$D:$D,Mantenciones!$B:$B,A4)) -> 461588 | R4: =IFERROR(IF(_xlfn.MAXIFS(Mantenciones!$D:$D,Mantenciones!$B:$B,$A4,Mantenciones!$E:$E,"Sí",Mantenciones!$D:$D,">0")=0,"Sin datos de mantención registrado",_xlfn.MAXIFS(Mantenciones!$D:$D,Mantenciones!$B:$B,$A4,Mantenciones!$E:$E,"Sí",Mantenciones!$D:$D,">0")),"Sin datos de mantención registrado") -> 461588 | S4: =IFERROR(SUMIFS(tblMantenciones[Costo Mantencion CLP],tblMantenciones[Codigo],A4),0) -> 0 | T4: =IFERROR(SUMIFS(tblComprasPM[Costo PM CLP],tblComprasPM[Codigo],tblMaestroEquipos[[#This Row],[Codigo]]),0) -> 255115.17 | U4: =IFERROR(tblMaestroEquipos[[#This Row],[Costo Mantenciones CLP]]+tblMaestroEquipos[[#This Row],[Costo Compras PM CLP]],0) -> 255115.17 | V4: =IFERROR(_xlfn.XLOOKUP(tblMaestroEquipos[[#This Row],[Codigo]],tblEquipos[Codigo],tblEquipos[Estado Base]),"") -> Operativo | W4: =IF(OR(TRIM($V4)="Fuera de Servicio",TRIM($V4)="Fuera de servicio"),"FUERA DE SERVICIO",IF(OR(TRIM($V4)="Taller",TRIM($V4)="En taller",TRIM($V4)="EN TALLER"),"EN TALLER",IF($AD4="PENDIENTE","POR RECIBIR",IF(AND($Z4<>"",$AA4=""),"EN PROCESO",IF(AND(ISNUMBER($X4),$X4<0),"ATRASADA",IF(AND(ISNUMBER($X4),$X4<=30),"PRÓXIMA","AL DÍA")))))) -> AL DÍA | X4: =IF(OR(NOT(ISNUMBER(R4)),NOT(ISNUMBER(J4)),NOT(ISNUMBER(O4))),"", (R4+J4)-O4) -> 453836 | Y4: =IFERROR(IF($X4="","",TODAY()+$X4),"") -> 499981 | Z4: =IFERROR(IF(_xlfn.MINIFS(tblComprasPM[Fecha],tblComprasPM[Codigo],tblMaestroEquipos[[#This Row],[Codigo]])=0,"",_xlfn.MINIFS(tblComprasPM[Fecha],tblComprasPM[Codigo],tblMaestroEquipos[[#This Row],[Codigo]])),"") -> 46065.424 | AA4: =IFERROR(IF(_xlfn.MAXIFS(tblBodega[Fecha],tblBodega[Codigo],tblMaestroEquipos[[#This Row],[Codigo]])=0,"",_xlfn.MAXIFS(tblBodega[Fecha],tblBodega[Codigo],tblMaestroEquipos[[#This Row],[Codigo]])),"") -> 46073 | AB4: =IFERROR(IF(OR(tblMaestroEquipos[[#This Row],[Fecha Compra PM]]="",tblMaestroEquipos[[#This Row],[Fecha Compra PM]]=0),"",IF(OR(tblMaestroEquipos[[#This Row],[Ultima Fecha PM]]="",tblMaestroEquipos[[#This Row],[Ultima Fecha PM]]=0),MAX(0,INT(TODAY())-INT(tblMaestroEquipos[[#This Row],[Fecha Compra PM]])),MAX(0,INT(tblMaestroEquipos[[#This Row],[Ultima Fecha PM]])-INT(tblMaestroEquipos[[#This Row],[Fecha Compra PM]])))),"") -> 8 | AC4: =IFERROR(IF(OR(tblMaestroEquipos[[#This Row],[Fecha Salida Bodega]]="",tblMaestroEquipos[[#This Row],[Fecha Salida Bodega]]=0),"",IF(OR(tblMaestroEquipos[[#This Row],[Ultima Fecha PM]]="",tblMaestroEquipos[[#This Row],[Ultima Fecha PM]]=0),MAX(0,INT(TODAY())-INT(tblMaestroEquipos[[#This Row],[Fecha Salida Bodega]])),MAX(0,INT(tblMaestroEquipos[[#This Row],[Ultima Fecha PM]])-INT(tblMaestroEquipos[[#This Row],[Fecha Salida Bodega]])))),"") -> 0 | AD4: =IF(tblMaestroEquipos[[#This Row],[Fecha Salida Bodega]]="","SIN SALIDA BODEGA",IF(OR(tblMaestroEquipos[[#This Row],[Ultima Fecha PM]]="",tblMaestroEquipos[[#This Row],[Ultima Fecha PM]]<tblMaestroEquipos[[#This Row],[Fecha Salida Bodega]]),"PENDIENTE","CERRADO")) -> CERRADO | AE4: =IF(TRIM(V4)="Fuera de servicio","FUERA DE SERVICIO", IF(OR(TRIM(V4)="Taller",TRIM(V4)="En taller"),"EN TALLER", IF(W4="ATRASADO","ATRASADO", IF(W4="EN PROCESO","EN PROCESO", IF(W4="PRÓXIMO","PRÓXIMO", "OPERATIVO"))))) -> OPERATIVO | AF4: =IF($AE4="ATRASADA",IF($X4<=-15,"CRÍTICA","ALTA"),IF($AE4="PRÓXIMA","MEDIA",IF(OR($AE4="EN PROCESO",$AE4="POR RECIBIR"),"SEGUIMIENTO",IF($AE4="FUERA DE SERVICIO","NO APLICA","BAJA")))) -> BAJA | AG4: =IF($AE4="FUERA DE SERVICIO","No programar compra",IF($AE4="CERRADO","Cerrar ciclo y preparar siguiente PM",IF($AE4="EN PROCESO","Hacer seguimiento al taller y cerrar report",IF($AE4="POR RECIBIR","Acelerar recepción de repuestos",IF($AE4="ATRASADA","Comprar kit PM y coordinar ejecución",IF($AE4="PRÓXIMA","Planificar compra preventiva","Monitorear próximo vencimiento")))))) -> Monitorear próximo vencimiento | AH4: =IF(AND(OR($AE4="ATRASADA",$AE4="PRÓXIMA"),$Z4="",$AA4=""),1,0) -> 0 | AI4: =IF(OR($AH4=0,$Y4=""),"",SUMPRODUCT(($AH$4:$AH$247=1)*(($Y$4:$Y$247<$Y4)+(($Y$4:$Y$247=$Y4)*(ROW($Y$4:$Y$247)<=ROW()))))) | AJ4: =IF(W4="ATRASADA",1,IF(W4="EN PROCESO",2,IF(W4="POR RECIBIR",3,99))) -> 99
A5: CD-118 | B5: Camión Plano | C5: Camiones de Ruta | D5: Freightliner | E5: M2 106 | F5: 2010 | G5: {=IFERROR(INDEX(Lecturas!$E$4:$E$3549,MATCH(1,(Lecturas!$B$4:$B$3549=$A5)*(Lecturas!$E$4:$E$3549<>"")*(Lecturas!$A$4:$A$3549=_xlfn.MAXIFS(Lecturas!$A$4:$A$3549,Lecturas!$B$4:$B$3549,$A5,Lecturas!$E$4:$E$3549,"<>")),0)),"")} -> Quirihue | H5: Carlos Vasquez | I5: HORAS | J5: 250 | K5: =IFERROR(IF($I5="KM",ROUND((_xlfn.MAXIFS(tblLecturas[Kilometraje],tblLecturas[Codigo],$A5)-_xlfn.MINIFS(tblLecturas[Kilometraje],tblLecturas[Codigo],$A5))/(MAX(1,_xlfn.MAXIFS(tblLecturas[Fecha],tblLecturas[Codigo],$A5)-_xlfn.MINIFS(tblLecturas[Fecha],tblLecturas[Codigo],$A5))),1),ROUND((_xlfn.MAXIFS(tblLecturas[Horometro],tblLecturas[Codigo],$A5)-_xlfn.MINIFS(tblLecturas[Horometro],tblLecturas[Codigo],$A5))/(MAX(1,_xlfn.MAXIFS(tblLecturas[Fecha],tblLecturas[Codigo],$A5)-_xlfn.MINIFS(tblLecturas[Fecha],tblLecturas[Codigo],$A5))),1)),"") -> 0 | L5: =IFERROR(_xlfn.MAXIFS(tblLecturas[Fecha],tblLecturas[Codigo],$A5),"") -> 46099 | M5: =IFERROR(_xlfn.MAXIFS(Lecturas!$C:$C,Lecturas!$B:$B,$A5,Lecturas!$C:$C,">0"),"") -> 0 | N5: =IFERROR(_xlfn.MAXIFS(tblLecturas[Kilometraje],tblLecturas[Codigo],$A5,tblLecturas[Kilometraje],">0"),"") -> 917261 | O5: {=IFERROR(IF($I5="KM",LOOKUP(2,1/(Lecturas!$B:$B=$A5)/(Lecturas!$D:$D>0),Lecturas!$D:$D),LOOKUP(2,1/(Lecturas!$B:$B=$A5)/(Lecturas!$C:$C>0),Lecturas!$C:$C)),"")} | P5: =IFERROR(_xlfn.MAXIFS(tblMantenciones[Fecha],tblMantenciones[Codigo],tblMaestroEquipos[[#This Row],[Codigo]],tblMantenciones[EsPM],"Sí"),"") -> 0 | Q5: =IF(_xlfn.MAXIFS(Mantenciones!$D:$D,Mantenciones!$B:$B,A5)=0,"Sin datos de mantención registrado",_xlfn.MAXIFS(Mantenciones!$D:$D,Mantenciones!$B:$B,A5)) -> Sin datos de mantención registrado | R5: =IFERROR(IF(_xlfn.MAXIFS(Mantenciones!$D:$D,Mantenciones!$B:$B,$A5,Mantenciones!$E:$E,"Sí",Mantenciones!$D:$D,">0")=0,"Sin datos de mantención registrado",_xlfn.MAXIFS(Mantenciones!$D:$D,Mantenciones!$B:$B,$A5,Mantenciones!$E:$E,"Sí",Mantenciones!$D:$D,">0")),"Sin datos de mantención registrado") -> Sin datos de mantención registrado | S5: =IFERROR(SUMIFS(tblMantenciones[Costo Mantencion CLP],tblMantenciones[Codigo],A5),0) -> 0 | T5: =IFERROR(SUMIFS(tblComprasPM[Costo PM CLP],tblComprasPM[Codigo],tblMaestroEquipos[[#This Row],[Codigo]]),0) -> 0 | U5: =IFERROR(tblMaestroEquipos[[#This Row],[Costo Mantenciones CLP]]+tblMaestroEquipos[[#This Row],[Costo Compras PM CLP]],0) -> 0 | V5: =IFERROR(_xlfn.XLOOKUP(tblMaestroEquipos[[#This Row],[Codigo]],tblEquipos[Codigo],tblEquipos[Estado Base]),"") -> Operativo | W5: =IF(OR(TRIM($V5)="Fuera de Servicio",TRIM($V5)="Fuera de servicio"),"FUERA DE SERVICIO",IF(OR(TRIM($V5)="Taller",TRIM($V5)="En taller",TRIM($V5)="EN TALLER"),"EN TALLER",IF($AD5="PENDIENTE","POR RECIBIR",IF(AND($Z5<>"",$AA5=""),"EN PROCESO",IF(AND(ISNUMBER($X5),$X5<0),"ATRASADA",IF(AND(ISNUMBER($X5),$X5<=30),"PRÓXIMA","AL DÍA")))))) -> AL DÍA | X5: =IF(OR(NOT(ISNUMBER(R5)),NOT(ISNUMBER(J5)),NOT(ISNUMBER(O5))),"", (R5+J5)-O5) | Y5: =IFERROR(IF($X5="","",TODAY()+$X5),"") | Z5: =IFERROR(IF(_xlfn.MINIFS(tblComprasPM[Fecha],tblComprasPM[Codigo],tblMaestroEquipos[[#This Row],[Codigo]])=0,"",_xlfn.MINIFS(tblComprasPM[Fecha],tblComprasPM[Codigo],tblMaestroEquipos[[#This Row],[Codigo]])),"") | AA5: =IFERROR(IF(_xlfn.MAXIFS(tblBodega[Fecha],tblBodega[Codigo],tblMaestroEquipos[[#This Row],[Codigo]])=0,"",_xlfn.MAXIFS(tblBodega[Fecha],tblBodega[Codigo],tblMaestroEquipos[[#This Row],[Codigo]])),"") | AB5: =IFERROR(IF(OR(tblMaestroEquipos[[#This Row],[Fecha Compra PM]]="",tblMaestroEquipos[[#This Row],[Fecha Compra PM]]=0),"",IF(OR(tblMaestroEquipos[[#This Row],[Ultima Fecha PM]]="",tblMaestroEquipos[[#This Row],[Ultima Fecha PM]]=0),MAX(0,INT(TODAY())-INT(tblMaestroEquipos[[#This Row],[Fecha Compra PM]])),MAX(0,INT(tblMaestroEquipos[[#This Row],[Ultima Fecha PM]])-INT(tblMaestroEquipos[[#This Row],[Fecha Compra PM]])))),"") | AC5: =IFERROR(IF(OR(tblMaestroEquipos[[#This Row],[Fecha Salida Bodega]]="",tblMaestroEquipos[[#This Row],[Fecha Salida Bodega]]=0),"",IF(OR(tblMaestroEquipos[[#This Row],[Ultima Fecha PM]]="",tblMaestroEquipos[[#This Row],[Ultima Fecha PM]]=0),MAX(0,INT(TODAY())-INT(tblMaestroEquipos[[#This Row],[Fecha Salida Bodega]])),MAX(0,INT(tblMaestroEquipos[[#This Row],[Ultima Fecha PM]])-INT(tblMaestroEquipos[[#This Row],[Fecha Salida Bodega]])))),"") | AD5: =IF(tblMaestroEquipos[[#This Row],[Fecha Salida Bodega]]="","SIN SALIDA BODEGA",IF(OR(tblMaestroEquipos[[#This Row],[Ultima Fecha PM]]="",tblMaestroEquipos[[#This Row],[Ultima Fecha PM]]<tblMaestroEquipos[[#This Row],[Fecha Salida Bodega]]),"PENDIENTE","CERRADO")) -> SIN SALIDA BODEGA | AE5: =IF(TRIM(V5)="Fuera de servicio","FUERA DE SERVICIO", IF(OR(TRIM(V5)="Taller",TRIM(V5)="En taller"),"EN TALLER", IF(W5="ATRASADO","ATRASADO", IF(W5="EN PROCESO","EN PROCESO", IF(W5="PRÓXIMO","PRÓXIMO", "OPERATIVO"))))) -> OPERATIVO | AF5: =IF($AE5="ATRASADA",IF($X5<=-15,"CRÍTICA","ALTA"),IF($AE5="PRÓXIMA","MEDIA",IF(OR($AE5="EN PROCESO",$AE5="POR RECIBIR"),"SEGUIMIENTO",IF($AE5="FUERA DE SERVICIO","NO APLICA","BAJA")))) -> BAJA | AG5: =IF($AE5="FUERA DE SERVICIO","No programar compra",IF($AE5="CERRADO","Cerrar ciclo y preparar siguiente PM",IF($AE5="EN PROCESO","Hacer seguimiento al taller y cerrar report",IF($AE5="POR RECIBIR","Acelerar recepción de repuestos",IF($AE5="ATRASADA","Comprar kit PM y coordinar ejecución",IF($AE5="PRÓXIMA","Planificar compra preventiva","Monitorear próximo vencimiento")))))) -> Monitorear próximo vencimiento | AH5: =IF(AND(OR($AE5="ATRASADA",$AE5="PRÓXIMA"),$Z5="",$AA5=""),1,0) -> 0 | AI5: =IF(OR($AH5=0,$Y5=""),"",SUMPRODUCT(($AH$4:$AH$247=1)*(($Y$4:$Y$247<$Y5)+(($Y$4:$Y$247=$Y5)*(ROW($Y$4:$Y$247)<=ROW()))))) | AJ5: =IF(W5="ATRASADA",1,IF(W5="EN PROCESO",2,IF(W5="POR RECIBIR",3,99))) -> 99
A6: CD-127 | B6: Camión Pluma | C6: Camiones de Ruta | D6: International | E6: 4300 | F6: 2012 | G6: {=IFERROR(INDEX(Lecturas!$E$4:$E$3549,MATCH(1,(Lecturas!$B$4:$B$3549=$A6)*(Lecturas!$E$4:$E$3549<>"")*(Lecturas!$A$4:$A$3549=_xlfn.MAXIFS(Lecturas!$A$4:$A$3549,Lecturas!$B$4:$B$3549,$A6,Lecturas!$E$4:$E$3549,"<>")),0)),"")} -> Oficina Central | H6: Sin asignar | I6: HORAS | J6: 250 | K6: =IFERROR(IF($I6="KM",ROUND((_xlfn.MAXIFS(tblLecturas[Kilometraje],tblLecturas[Codigo],$A6)-_xlfn.MINIFS(tblLecturas[Kilometraje],tblLecturas[Codigo],$A6))/(MAX(1,_xlfn.MAXIFS(tblLecturas[Fecha],tblLecturas[Codigo],$A6)-_xlfn.MINIFS(tblLecturas[Fecha],tblLecturas[Codigo],$A6))),1),ROUND((_xlfn.MAXIFS(tblLecturas[Horometro],tblLecturas[Codigo],$A6)-_xlfn.MINIFS(tblLecturas[Horometro],tblLecturas[Codigo],$A6))/(MAX(1,_xlfn.MAXIFS(tblLecturas[Fecha],tblLecturas[Codigo],$A6)-_xlfn.MINIFS(tblLecturas[Fecha],tblLecturas[Codigo],$A6))),1)),"") -> 0 | L6: =IFERROR(_xlfn.MAXIFS(tblLecturas[Fecha],tblLecturas[Codigo],$A6),"") -> 46114 | M6: =IFERROR(_xlfn.MAXIFS(Lecturas!$C:$C,Lecturas!$B:$B,$A6,Lecturas!$C:$C,">0"),"") -> 0 | N6: =IFERROR(_xlfn.MAXIFS(tblLecturas[Kilometraje],tblLecturas[Codigo],$A6,tblLecturas[Kilometraje],">0"),"") -> 511388 | O6: {=IFERROR(IF($I6="KM",LOOKUP(2,1/(Lecturas!$B:$B=$A6)/(Lecturas!$D:$D>0),Lecturas!$D:$D),LOOKUP(2,1/(Lecturas!$B:$B=$A6)/(Lecturas!$C:$C>0),Lecturas!$C:$C)),"")} | P6: =IFERROR(_xlfn.MAXIFS(tblMantenciones[Fecha],tblMantenciones[Codigo],tblMaestroEquipos[[#This Row],[Codigo]],tblMantenciones[EsPM],"Sí"),"") -> 46129 | Q6: =IF(_xlfn.MAXIFS(Mantenciones!$D:$D,Mantenciones!$B:$B,A6)=0,"Sin datos de mantención registrado",_xlfn.MAXIFS(Mantenciones!$D:$D,Mantenciones!$B:$B,A6)) -> 138500 | R6: =IFERROR(IF(_xlfn.MAXIFS(Mantenciones!$D:$D,Mantenciones!$B:$B,$A6,Mantenciones!$E:$E,"Sí",Mantenciones!$D:$D,">0")=0,"Sin datos de mantención registrado",_xlfn.MAXIFS(Mantenciones!$D:$D,Mantenciones!$B:$B,$A6,Mantenciones!$E:$E,"Sí",Mantenciones!$D:$D,">0")),"Sin datos de mantención registrado") -> 138500 | S6: =IFERROR(SUMIFS(tblMantenciones[Costo Mantencion CLP],tblMantenciones[Codigo],A6),0) -> 0 | T6: =IFERROR(SUMIFS(tblComprasPM[Costo PM CLP],tblComprasPM[Codigo],tblMaestroEquipos[[#This Row],[Codigo]]),0) -> 222792.99 | U6: =IFERROR(tblMaestroEquipos[[#This Row],[Costo Mantenciones CLP]]+tblMaestroEquipos[[#This Row],[Costo Compras PM CLP]],0) -> 222792.99 | V6: =IFERROR(_xlfn.XLOOKUP(tblMaestroEquipos[[#This Row],[Codigo]],tblEquipos[Codigo],tblEquipos[Estado Base]),"") -> Operativo | W6: =IF(OR(TRIM($V6)="Fuera de Servicio",TRIM($V6)="Fuera de servicio"),"FUERA DE SERVICIO",IF(OR(TRIM($V6)="Taller",TRIM($V6)="En taller",TRIM($V6)="EN TALLER"),"EN TALLER",IF($AD6="PENDIENTE","POR RECIBIR",IF(AND($Z6<>"",$AA6=""),"EN PROCESO",IF(AND(ISNUMBER($X6),$X6<0),"ATRASADA",IF(AND(ISNUMBER($X6),$X6<=30),"PRÓXIMA","AL DÍA")))))) -> AL DÍA | X6: =IF(OR(NOT(ISNUMBER(R6)),NOT(ISNUMBER(J6)),NOT(ISNUMBER(O6))),"", (R6+J6)-O6) | Y6: =IFERROR(IF($X6="","",TODAY()+$X6),"") | Z6: =IFERROR(IF(_xlfn.MINIFS(tblComprasPM[Fecha],tblComprasPM[Codigo],tblMaestroEquipos[[#This Row],[Codigo]])=0,"",_xlfn.MINIFS(tblComprasPM[Fecha],tblComprasPM[Codigo],tblMaestroEquipos[[#This Row],[Codigo]])),"") -> 46086.706 | AA6: =IFERROR(IF(_xlfn.MAXIFS(tblBodega[Fecha],tblBodega[Codigo],tblMaestroEquipos[[#This Row],[Codigo]])=0,"",_xlfn.MAXIFS(tblBodega[Fecha],tblBodega[Codigo],tblMaestroEquipos[[#This Row],[Codigo]])),"") -> 46129 | AB6: =IFERROR(IF(OR(tblMaestroEquipos[[#This Row],[Fecha Compra PM]]="",tblMaestroEquipos[[#This Row],[Fecha Compra PM]]=0),"",IF(OR(tblMaestroEquipos[[#This Row],[Ultima Fecha PM]]="",tblMaestroEquipos[[#This Row],[Ultima Fecha PM]]=0),MAX(0,INT(TODAY())-INT(tblMaestroEquipos[[#This Row],[Fecha Compra PM]])),MAX(0,INT(tblMaestroEquipos[[#This Row],[Ultima Fecha PM]])-INT(tblMaestroEquipos[[#This Row],[Fecha Compra PM]])))),"") -> 43 | AC6: =IFERROR(IF(OR(tblMaestroEquipos[[#This Row],[Fecha Salida Bodega]]="",tblMaestroEquipos[[#This Row],[Fecha Salida Bodega]]=0),"",IF(OR(tblMaestroEquipos[[#This Row],[Ultima Fecha PM]]="",tblMaestroEquipos[[#This Row],[Ultima Fecha PM]]=0),MAX(0,INT(TODAY())-INT(tblMaestroEquipos[[#This Row],[Fecha Salida Bodega]])),MAX(0,INT(tblMaestroEquipos[[#This Row],[Ultima Fecha PM]])-INT(tblMaestroEquipos[[#This Row],[Fecha Salida Bodega]])))),"") -> 0 | AD6: =IF(tblMaestroEquipos[[#This Row],[Fecha Salida Bodega]]="","SIN SALIDA BODEGA",IF(OR(tblMaestroEquipos[[#This Row],[Ultima Fecha PM]]="",tblMaestroEquipos[[#This Row],[Ultima Fecha PM]]<tblMaestroEquipos[[#This Row],[Fecha Salida Bodega]]),"PENDIENTE","CERRADO")) -> CERRADO | AE6: =IF(TRIM(V6)="Fuera de servicio","FUERA DE SERVICIO", IF(OR(TRIM(V6)="Taller",TRIM(V6)="En taller"),"EN TALLER", IF(W6="ATRASADO","ATRASADO", IF(W6="EN PROCESO","EN PROCESO", IF(W6="PRÓXIMO","PRÓXIMO", "OPERATIVO"))))) -> OPERATIVO | AF6: =IF($AE6="ATRASADA",IF($X6<=-15,"CRÍTICA","ALTA"),IF($AE6="PRÓXIMA","MEDIA",IF(OR($AE6="EN PROCESO",$AE6="POR RECIBIR"),"SEGUIMIENTO",IF($AE6="FUERA DE SERVICIO","NO APLICA","BAJA")))) -> BAJA | AG6: =IF($AE6="FUERA DE SERVICIO","No programar compra",IF($AE6="CERRADO","Cerrar ciclo y preparar siguiente PM",IF($AE6="EN PROCESO","Hacer seguimiento al taller y cerrar report",IF($AE6="POR RECIBIR","Acelerar recepción de repuestos",IF($AE6="ATRASADA","Comprar kit PM y coordinar ejecución",IF($AE6="PRÓXIMA","Planificar compra preventiva","Monitorear próximo vencimiento")))))) -> Monitorear próximo vencimiento | AH6: =IF(AND(OR($AE6="ATRASADA",$AE6="PRÓXIMA"),$Z6="",$AA6=""),1,0) -> 0 | AI6: =IF(OR($AH6=0,$Y6=""),"",SUMPRODUCT(($AH$4:$AH$247=1)*(($Y$4:$Y$247<$Y6)+(($Y$4:$Y$247=$Y6)*(ROW($Y$4:$Y$247)<=ROW()))))) | AJ6: =IF(W6="ATRASADA",1,IF(W6="EN PROCESO",2,IF(W6="POR RECIBIR",3,99))) -> 99
A7: CD-128 | B7: Camión slurry | C7: Camiones de Ruta | D7: Mack | E7: GU 813 | F7: 2012 | G7: {=IFERROR(INDEX(Lecturas!$E$4:$E$3549,MATCH(1,(Lecturas!$B$4:$B$3549=$A7)*(Lecturas!$E$4:$E$3549<>"")*(Lecturas!$A$4:$A$3549=_xlfn.MAXIFS(Lecturas!$A$4:$A$3549,Lecturas!$B$4:$B$3549,$A7,Lecturas!$E$4:$E$3549,"<>")),0)),"")} -> Palmucho | H7: Sin asignar | I7: HORAS | J7: 250 | K7: =IFERROR(IF($I7="KM",ROUND((_xlfn.MAXIFS(tblLecturas[Kilometraje],tblLecturas[Codigo],$A7)-_xlfn.MINIFS(tblLecturas[Kilometraje],tblLecturas[Codigo],$A7))/(MAX(1,_xlfn.MAXIFS(tblLecturas[Fecha],tblLecturas[Codigo],$A7)-_xlfn.MINIFS(tblLecturas[Fecha],tblLecturas[Codigo],$A7))),1),ROUND((_xlfn.MAXIFS(tblLecturas[Horometro],tblLecturas[Codigo],$A7)-_xlfn.MINIFS(tblLecturas[Horometro],tblLecturas[Codigo],$A7))/(MAX(1,_xlfn.MAXIFS(tblLecturas[Fecha],tblLecturas[Codigo],$A7)-_xlfn.MINIFS(tblLecturas[Fecha],tblLecturas[Codigo],$A7))),1)),"") -> 0 | L7: =IFERROR(_xlfn.MAXIFS(tblLecturas[Fecha],tblLecturas[Codigo],$A7),"") -> 46105 | M7: =IFERROR(_xlfn.MAXIFS(Lecturas!$C:$C,Lecturas!$B:$B,$A7,Lecturas!$C:$C,">0"),"") -> 0 | N7: =IFERROR(_xlfn.MAXIFS(tblLecturas[Kilometraje],tblLecturas[Codigo],$A7,tblLecturas[Kilometraje],">0"),"") -> 141791 | O7: {=IFERROR(IF($I7="KM",LOOKUP(2,1/(Lecturas!$B:$B=$A7)/(Lecturas!$D:$D>0),Lecturas!$D:$D),LOOKUP(2,1/(Lecturas!$B:$B=$A7)/(Lecturas!$C:$C>0),Lecturas!$C:$C)),"")} | P7: =IFERROR(_xlfn.MAXIFS(tblMantenciones[Fecha],tblMantenciones[Codigo],tblMaestroEquipos[[#This Row],[Codigo]],tblMantenciones[EsPM],"Sí"),"") -> 0 | Q7: =IF(_xlfn.MAXIFS(Mantenciones!$D:$D,Mantenciones!$B:$B,A7)=0,"Sin datos de mantención registrado",_xlfn.MAXIFS(Mantenciones!$D:$D,Mantenciones!$B:$B,A7)) -> Sin datos de mantención registrado | R7: =IFERROR(IF(_xlfn.MAXIFS(Mantenciones!$D:$D,Mantenciones!$B:$B,$A7,Mantenciones!$E:$E,"Sí",Mantenciones!$D:$D,">0")=0,"Sin datos de mantención registrado",_xlfn.MAXIFS(Mantenciones!$D:$D,Mantenciones!$B:$B,$A7,Mantenciones!$E:$E,"Sí",Mantenciones!$D:$D,">0")),"Sin datos de mantención registrado") -> Sin datos de mantención registrado | S7: =IFERROR(SUMIFS(tblMantenciones[Costo Mantencion CLP],tblMantenciones[Codigo],A7),0) -> 0 | T7: =IFERROR(SUMIFS(tblComprasPM[Costo PM CLP],tblComprasPM[Codigo],tblMaestroEquipos[[#This Row],[Codigo]]),0) -> 0 | U7: =IFERROR(tblMaestroEquipos[[#This Row],[Costo Mantenciones CLP]]+tblMaestroEquipos[[#This Row],[Costo Compras PM CLP]],0) -> 0 | V7: =IFERROR(_xlfn.XLOOKUP(tblMaestroEquipos[[#This Row],[Codigo]],tblEquipos[Codigo],tblEquipos[Estado Base]),"") -> Operativo | W7: =IF(OR(TRIM($V7)="Fuera de Servicio",TRIM($V7)="Fuera de servicio"),"FUERA DE SERVICIO",IF(OR(TRIM($V7)="Taller",TRIM($V7)="En taller",TRIM($V7)="EN TALLER"),"EN TALLER",IF($AD7="PENDIENTE","POR RECIBIR",IF(AND($Z7<>"",$AA7=""),"EN PROCESO",IF(AND(ISNUMBER($X7),$X7<0),"ATRASADA",IF(AND(ISNUMBER($X7),$X7<=30),"PRÓXIMA","AL DÍA")))))) -> AL DÍA | X7: =IF(OR(NOT(ISNUMBER(R7)),NOT(ISNUMBER(J7)),NOT(ISNUMBER(O7))),"", (R7+J7)-O7) | Y7: =IFERROR(IF(OR(tblMaestroEquipos[[#This Row],[Estado Operacional]]="FUERA DE SERVICIO",tblMaestroEquipos[[#This Row],[Ultima Fecha Lectura]]="",tblMaestroEquipos[[#This Row],[Dias a Proxima Mantencion]]=""),"",tblMaestroEquipos[[#This Row],[Ultima Fecha Lectura]]+tblMaestroEquipos[[#This Row],[Dias a Proxima Mantencion]]),"") | Z7: =IFERROR(IF(_xlfn.MINIFS(tblComprasPM[Fecha],tblComprasPM[Codigo],tblMaestroEquipos[[#This Row],[Codigo]])=0,"",_xlfn.MINIFS(tblComprasPM[Fecha],tblComprasPM[Codigo],tblMaestroEquipos[[#This Row],[Codigo]])),"") | AA7: =IFERROR(IF(_xlfn.MAXIFS(tblBodega[Fecha],tblBodega[Codigo],tblMaestroEquipos[[#This Row],[Codigo]])=0,"",_xlfn.MAXIFS(tblBodega[Fecha],tblBodega[Codigo],tblMaestroEquipos[[#This Row],[Codigo]])),"") | AB7: =IFERROR(IF(OR(tblMaestroEquipos[[#This Row],[Fecha Compra PM]]="",tblMaestroEquipos[[#This Row],[Fecha Compra PM]]=0),"",IF(OR(tblMaestroEquipos[[#This Row],[Ultima Fecha PM]]="",tblMaestroEquipos[[#This Row],[Ultima Fecha PM]]=0),MAX(0,INT(TODAY())-INT(tblMaestroEquipos[[#This Row],[Fecha Compra PM]])),MAX(0,INT(tblMaestroEquipos[[#This Row],[Ultima Fecha PM]])-INT(tblMaestroEquipos[[#This Row],[Fecha Compra PM]])))),"") | AC7: =IFERROR(IF(OR(tblMaestroEquipos[[#This Row],[Fecha Salida Bodega]]="",tblMaestroEquipos[[#This Row],[Fecha Salida Bodega]]=0),"",IF(OR(tblMaestroEquipos[[#This Row],[Ultima Fecha PM]]="",tblMaestroEquipos[[#This Row],[Ultima Fecha PM]]=0),MAX(0,INT(TODAY())-INT(tblMaestroEquipos[[#This Row],[Fecha Salida Bodega]])),MAX(0,INT(tblMaestroEquipos[[#This Row],[Ultima Fecha PM]])-INT(tblMaestroEquipos[[#This Row],[Fecha Salida Bodega]])))),"") | AD7: =IF(tblMaestroEquipos[[#This Row],[Fecha Salida Bodega]]="","SIN SALIDA BODEGA",IF(OR(tblMaestroEquipos[[#This Row],[Ultima Fecha PM]]="",tblMaestroEquipos[[#This Row],[Ultima Fecha PM]]<tblMaestroEquipos[[#This Row],[Fecha Salida Bodega]]),"PENDIENTE","CERRADO")) -> SIN SALIDA BODEGA | AE7: =IF(TRIM(V7)="Fuera de servicio","FUERA DE SERVICIO", IF(OR(TRIM(V7)="Taller",TRIM(V7)="En taller"),"EN TALLER", IF(W7="ATRASADO","ATRASADO", IF(W7="EN PROCESO","EN PROCESO", IF(W7="PRÓXIMO","PRÓXIMO", "OPERATIVO"))))) -> OPERATIVO | AF7: =IF($AE7="ATRASADA",IF($X7<=-15,"CRÍTICA","ALTA"),IF($AE7="PRÓXIMA","MEDIA",IF(OR($AE7="EN PROCESO",$AE7="POR RECIBIR"),"SEGUIMIENTO",IF($AE7="FUERA DE SERVICIO","NO APLICA","BAJA")))) -> BAJA | AG7: =IF($AE7="FUERA DE SERVICIO","No programar compra",IF($AE7="CERRADO","Cerrar ciclo y preparar siguiente PM",IF($AE7="EN PROCESO","Hacer seguimiento al taller y cerrar report",IF($AE7="POR RECIBIR","Acelerar recepción de repuestos",IF($AE7="ATRASADA","Comprar kit PM y coordinar ejecución",IF($AE7="PRÓXIMA","Planificar compra preventiva","Monitorear próximo vencimiento")))))) -> Monitorear próximo vencimiento | AH7: =IF(AND(OR($AE7="ATRASADA",$AE7="PRÓXIMA"),$Z7="",$AA7=""),1,0) -> 0 | AI7: =IF(OR($AH7=0,$Y7=""),"",SUMPRODUCT(($AH$4:$AH$247=1)*(($Y$4:$Y$247<$Y7)+(($Y$4:$Y$247=$Y7)*(ROW($Y$4:$Y$247)<=ROW()))))) | AJ7: =IF(W7="ATRASADA",1,IF(W7="EN PROCESO",2,IF(W7="POR RECIBIR",3,99))) -> 99
A8: CD-137 | B8: Tracto Camión | C8: Camiones de Ruta | D8: Mercedes Benz | E8: Axor 1936 | F8: 2014 | G8: {=IFERROR(INDEX(Lecturas!$E$4:$E$3549,MATCH(1,(Lecturas!$B$4:$B$3549=$A8)*(Lecturas!$E$4:$E$3549<>"")*(Lecturas!$A$4:$A$3549=_xlfn.MAXIFS(Lecturas!$A$4:$A$3549,Lecturas!$B$4:$B$3549,$A8,Lecturas!$E$4:$E$3549,"<>")),0)),"")} -> Oficina Central | H8: Sin asignar | I8: HORAS | J8: 250 | K8: =IFERROR(IF($I8="KM",ROUND((_xlfn.MAXIFS(tblLecturas[Kilometraje],tblLecturas[Codigo],$A8)-_xlfn.MINIFS(tblLecturas[Kilometraje],tblLecturas[Codigo],$A8))/(MAX(1,_xlfn.MAXIFS(tblLecturas[Fecha],tblLecturas[Codigo],$A8)-_xlfn.MINIFS(tblLecturas[Fecha],tblLecturas[Codigo],$A8))),1),ROUND((_xlfn.MAXIFS(tblLecturas[Horometro],tblLecturas[Codigo],$A8)-_xlfn.MINIFS(tblLecturas[Horometro],tblLecturas[Codigo],$A8))/(MAX(1,_xlfn.MAXIFS(tblLecturas[Fecha],tblLecturas[Codigo],$A8)-_xlfn.MINIFS(tblLecturas[Fecha],tblLecturas[Codigo],$A8))),1)),"") -> 0 | L8: =IFERROR(_xlfn.MAXIFS(tblLecturas[Fecha],tblLecturas[Codigo],$A8),"") -> 46100 | M8: =IFERROR(_xlfn.MAXIFS(Lecturas!$C:$C,Lecturas!$B:$B,$A8,Lecturas!$C:$C,">0"),"") -> 0 | N8: =IFERROR(_xlfn.MAXIFS(tblLecturas[Kilometraje],tblLecturas[Codigo],$A8,tblLecturas[Kilometraje],">0"),"") -> 649418 | O8: {=IFERROR(IF($I8="KM",LOOKUP(2,1/(Lecturas!$B:$B=$A8)/(Lecturas!$D:$D>0),Lecturas!$D:$D),LOOKUP(2,1/(Lecturas!$B:$B=$A8)/(Lecturas!$C:$C>0),Lecturas!$C:$C)),"")} | P8: =IFERROR(_xlfn.MAXIFS(tblMantenciones[Fecha],tblMantenciones[Codigo],tblMaestroEquipos[[#This Row],[Codigo]],tblMantenciones[EsPM],"Sí"),"") -> 0 | Q8: =IF(_xlfn.MAXIFS(Mantenciones!$D:$D,Mantenciones!$B:$B,A8)=0,"Sin datos de mantención registrado",_xlfn.MAXIFS(Mantenciones!$D:$D,Mantenciones!$B:$B,A8)) -> Sin datos de mantención registrado | R8: =IFERROR(IF(_xlfn.MAXIFS(Mantenciones!$D:$D,Mantenciones!$B:$B,$A8,Mantenciones!$E:$E,"Sí",Mantenciones!$D:$D,">0")=0,"Sin datos de mantención registrado",_xlfn.MAXIFS(Mantenciones!$D:$D,Mantenciones!$B:$B,$A8,Mantenciones!$E:$E,"Sí",Mantenciones!$D:$D,">0")),"Sin datos de mantención registrado") -> Sin datos de mantención registrado | S8: =IFERROR(SUMIFS(tblMantenciones[Costo Mantencion CLP],tblMantenciones[Codigo],A8),0) -> 0 | T8: =IFERROR(SUMIFS(tblComprasPM[Costo PM CLP],tblComprasPM[Codigo],tblMaestroEquipos[[#This Row],[Codigo]]),0) -> 223858.04 | U8: =IFERROR(tblMaestroEquipos[[#This Row],[Costo Mantenciones CLP]]+tblMaestroEquipos[[#This Row],[Costo Compras PM CLP]],0) -> 223858.04 | V8: =IFERROR(_xlfn.XLOOKUP(tblMaestroEquipos[[#This Row],[Codigo]],tblEquipos[Codigo],tblEquipos[Estado Base]),"") -> Operativo | W8: =IF(OR(TRIM($V8)="Fuera de Servicio",TRIM($V8)="Fuera de servicio"),"FUERA DE SERVICIO",IF(OR(TRIM($V8)="Taller",TRIM($V8)="En taller",TRIM($V8)="EN TALLER"),"EN TALLER",IF($AD8="PENDIENTE","POR RECIBIR",IF(AND($Z8<>"",$AA8=""),"EN PROCESO",IF(AND(ISNUMBER($X8),$X8<0),"ATRASADA",IF(AND(ISNUMBER($X8),$X8<=30),"PRÓXIMA","AL DÍA")))))) -> EN PROCESO | X8: =IF(OR(NOT(ISNUMBER(R8)),NOT(ISNUMBER(J8)),NOT(ISNUMBER(O8))),"", (R8+J8)-O8) | Y8: =IFERROR(IF(OR(tblMaestroEquipos[[#This Row],[Estado Operacional]]="FUERA DE SERVICIO",tblMaestroEquipos[[#This Row],[Ultima Fecha Lectura]]="",tblMaestroEquipos[[#This Row],[Dias a Proxima Mantencion]]=""),"",tblMaestroEquipos[[#This Row],[Ultima Fecha Lectura]]+tblMaestroEquipos[[#This Row],[Dias a Proxima Mantencion]]),"") | Z8: =IFERROR(IF(_xlfn.MINIFS(tblComprasPM[Fecha],tblComprasPM[Codigo],tblMaestroEquipos[[#This Row],[Codigo]])=0,"",_xlfn.MINIFS(tblComprasPM[Fecha],tblComprasPM[Codigo],tblMaestroEquipos[[#This Row],[Codigo]])),"") -> 46128.535 | AA8: =IFERROR(IF(_xlfn.MAXIFS(tblBodega[Fecha],tblBodega[Codigo],tblMaestroEquipos[[#This Row],[Codigo]])=0,"",_xlfn.MAXIFS(tblBodega[Fecha],tblBodega[Codigo],tblMaestroEquipos[[#This Row],[Codigo]])),"") | AB8: =IFERROR(IF(OR(tblMaestroEquipos[[#This Row],[Fecha Compra PM]]="",tblMaestroEquipos[[#This Row],[Fecha Compra PM]]=0),"",IF(OR(tblMaestroEquipos[[#This Row],[Ultima Fecha PM]]="",tblMaestroEquipos[[#This Row],[Ultima Fecha PM]]=0),MAX(0,INT(TODAY())-INT(tblMaestroEquipos[[#This Row],[Fecha Compra PM]])),MAX(0,INT(tblMaestroEquipos[[#This Row],[Ultima Fecha PM]])-INT(tblMaestroEquipos[[#This Row],[Fecha Compra PM]])))),"") -> 17 | AC8: =IFERROR(IF(OR(tblMaestroEquipos[[#This Row],[Fecha Salida Bodega]]="",tblMaestroEquipos[[#This Row],[Fecha Salida Bodega]]=0),"",IF(OR(tblMaestroEquipos[[#This Row],[Ultima Fecha PM]]="",tblMaestroEquipos[[#This Row],[Ultima Fecha PM]]=0),MAX(0,INT(TODAY())-INT(tblMaestroEquipos[[#This Row],[Fecha Salida Bodega]])),MAX(0,INT(tblMaestroEquipos[[#This Row],[Ultima Fecha PM]])-INT(tblMaestroEquipos[[#This Row],[Fecha Salida Bodega]])))),"") | AD8: =IF(tblMaestroEquipos[[#This Row],[Fecha Salida Bodega]]="","SIN SALIDA BODEGA",IF(OR(tblMaestroEquipos[[#This Row],[Ultima Fecha PM]]="",tblMaestroEquipos[[#This Row],[Ultima Fecha PM]]<tblMaestroEquipos[[#This Row],[Fecha Salida Bodega]]),"PENDIENTE","CERRADO")) -> SIN SALIDA BODEGA | AE8: =IF(TRIM(V8)="Fuera de servicio","FUERA DE SERVICIO", IF(OR(TRIM(V8)="Taller",TRIM(V8)="En taller"),"EN TALLER", IF(W8="ATRASADO","ATRASADO", IF(W8="EN PROCESO","EN PROCESO", IF(W8="PRÓXIMO","PRÓXIMO", "OPERATIVO"))))) -> EN PROCESO | AF8: =IF($AE8="ATRASADA",IF($X8<=-15,"CRÍTICA","ALTA"),IF($AE8="PRÓXIMA","MEDIA",IF(OR($AE8="EN PROCESO",$AE8="POR RECIBIR"),"SEGUIMIENTO",IF($AE8="FUERA DE SERVICIO","NO APLICA","BAJA")))) -> SEGUIMIENTO | AG8: =IF($AE8="FUERA DE SERVICIO","No programar compra",IF($AE8="CERRADO","Cerrar ciclo y preparar siguiente PM",IF($AE8="EN PROCESO","Hacer seguimiento al taller y cerrar report",IF($AE8="POR RECIBIR","Acelerar recepción de repuestos",IF($AE8="ATRASADA","Comprar kit PM y coordinar ejecución",IF($AE8="PRÓXIMA","Planificar compra preventiva","Monitorear próximo vencimiento")))))) -> Hacer seguimiento al taller y cerrar report | AH8: =IF(AND(OR($AE8="ATRASADA",$AE8="PRÓXIMA"),$Z8="",$AA8=""),1,0) -> 0 | AI8: =IF(OR($AH8=0,$Y8=""),"",SUMPRODUCT(($AH$4:$AH$247=1)*(($Y$4:$Y$247<$Y8)+(($Y$4:$Y$247=$Y8)*(ROW($Y$4:$Y$247)<=ROW()))))) | AJ8: =IF(W8="ATRASADA",1,IF(W8="EN PROCESO",2,IF(W8="POR RECIBIR",3,99))) -> 2
A9: MD-65 | B9: Cargador Frontal | C9: Maquinaria Pesada | D9: Jcb | E9: 467 Zx | F9: 2015 | G9: {=IFERROR(INDEX(Lecturas!$E$4:$E$3549,MATCH(1,(Lecturas!$B$4:$B$3549=$A9)*(Lecturas!$E$4:$E$3549<>"")*(Lecturas!$A$4:$A$3549=_xlfn.MAXIFS(Lecturas!$A$4:$A$3549,Lecturas!$B$4:$B$3549,$A9,Lecturas!$E$4:$E$3549,"<>")),0)),"")} | H9: Jorge Soto | I9: HORAS | J9: 250 | K9: =IFERROR(IF($I9="KM",ROUND((_xlfn.MAXIFS(tblLecturas[Kilometraje],tblLecturas[Codigo],$A9)-_xlfn.MINIFS(tblLecturas[Kilometraje],tblLecturas[Codigo],$A9))/(MAX(1,_xlfn.MAXIFS(tblLecturas[Fecha],tblLecturas[Codigo],$A9)-_xlfn.MINIFS(tblLecturas[Fecha],tblLecturas[Codigo],$A9))),1),ROUND((_xlfn.MAXIFS(tblLecturas[Horometro],tblLecturas[Codigo],$A9)-_xlfn.MINIFS(tblLecturas[Horometro],tblLecturas[Codigo],$A9))/(MAX(1,_xlfn.MAXIFS(tblLecturas[Fecha],tblLecturas[Codigo],$A9)-_xlfn.MINIFS(tblLecturas[Fecha],tblLecturas[Codigo],$A9))),1)),"") -> 1.6 | L9: =IFERROR(_xlfn.MAXIFS(tblLecturas[Fecha],tblLecturas[Codigo],$A9),"") -> 46084 | M9: =IFERROR(_xlfn.MAXIFS(Lecturas!$C:$C,Lecturas!$B:$B,$A9,Lecturas!$C:$C,">0"),"") -> 5671 | N9: =IFERROR(_xlfn.MAXIFS(tblLecturas[Kilometraje],tblLecturas[Codigo],$A9,tblLecturas[Kilometraje],">0"),"") -> 0 | O9: {=IFERROR(IF($I9="KM",LOOKUP(2,1/(Lecturas!$B:$B=$A9)/(Lecturas!$D:$D>0),Lecturas!$D:$D),LOOKUP(2,1/(Lecturas!$B:$B=$A9)/(Lecturas!$C:$C>0),Lecturas!$C:$C)),"")} -> 4000 | P9: =IFERROR(_xlfn.MAXIFS(tblMantenciones[Fecha],tblMantenciones[Codigo],tblMaestroEquipos[[#This Row],[Codigo]],tblMantenciones[EsPM],"Sí"),"") -> 0 | Q9: =IF(_xlfn.MAXIFS(Mantenciones!$D:$D,Mantenciones!$B:$B,A9)=0,"Sin datos de mantención registrado",_xlfn.MAXIFS(Mantenciones!$D:$D,Mantenciones!$B:$B,A9)) -> Sin datos de mantención registrado | R9: =IFERROR(IF(_xlfn.MAXIFS(Mantenciones!$D:$D,Mantenciones!$B:$B,$A9,Mantenciones!$E:$E,"Sí",Mantenciones!$D:$D,">0")=0,"Sin datos de mantención registrado",_xlfn.MAXIFS(Mantenciones!$D:$D,Mantenciones!$B:$B,$A9,Mantenciones!$E:$E,"Sí",Mantenciones!$D:$D,">0")),"Sin datos de mantención registrado") -> Sin datos de mantención registrado | S9: =IFERROR(SUMIFS(tblMantenciones[Costo Mantencion CLP],tblMantenciones[Codigo],A9),0) -> 0 | T9: =IFERROR(SUMIFS(tblComprasPM[Costo PM CLP],tblComprasPM[Codigo],tblMaestroEquipos[[#This Row],[Codigo]]),0) -> 0 | U9: =IFERROR(tblMaestroEquipos[[#This Row],[Costo Mantenciones CLP]]+tblMaestroEquipos[[#This Row],[Costo Compras PM CLP]],0) -> 0 | V9: =IFERROR(_xlfn.XLOOKUP(tblMaestroEquipos[[#This Row],[Codigo]],tblEquipos[Codigo],tblEquipos[Estado Base]),"") -> Operativo | W9: =IF(OR(TRIM($V9)="Fuera de Servicio",TRIM($V9)="Fuera de servicio"),"FUERA DE SERVICIO",IF(OR(TRIM($V9)="Taller",TRIM($V9)="En taller",TRIM($V9)="EN TALLER"),"EN TALLER",IF($AD9="PENDIENTE","POR RECIBIR",IF(AND($Z9<>"",$AA9=""),"EN PROCESO",IF(AND(ISNUMBER($X9),$X9<0),"ATRASADA",IF(AND(ISNUMBER($X9),$X9<=30),"PRÓXIMA","AL DÍA")))))) -> AL DÍA | X9: =IF(OR(NOT(ISNUMBER(R9)),NOT(ISNUMBER(J9)),NOT(ISNUMBER(O9))),"", (R9+J9)-O9) | Y9: =IFERROR(IF(OR(tblMaestroEquipos[[#This Row],[Estado Operacional]]="FUERA DE SERVICIO",tblMaestroEquipos[[#This Row],[Ultima Fecha Lectura]]="",tblMaestroEquipos[[#This Row],[Dias a Proxima Mantencion]]=""),"",tblMaestroEquipos[[#This Row],[Ultima Fecha Lectura]]+tblMaestroEquipos[[#This Row],[Dias a Proxima Mantencion]]),"") | Z9: =IFERROR(IF(_xlfn.MINIFS(tblComprasPM[Fecha],tblComprasPM[Codigo],tblMaestroEquipos[[#This Row],[Codigo]])=0,"",_xlfn.MINIFS(tblComprasPM[Fecha],tblComprasPM[Codigo],tblMaestroEquipos[[#This Row],[Codigo]])),"") | AA9: =IFERROR(IF(_xlfn.MAXIFS(tblBodega[Fecha],tblBodega[Codigo],tblMaestroEquipos[[#This Row],[Codigo]])=0,"",_xlfn.MAXIFS(tblBodega[Fecha],tblBodega[Codigo],tblMaestroEquipos[[#This Row],[Codigo]])),"") | AB9: =IFERROR(IF(OR(tblMaestroEquipos[[#This Row],[Fecha Compra PM]]="",tblMaestroEquipos[[#This Row],[Fecha Compra PM]]=0),"",IF(OR(tblMaestroEquipos[[#This Row],[Ultima Fecha PM]]="",tblMaestroEquipos[[#This Row],[Ultima Fecha PM]]=0),MAX(0,INT(TODAY())-INT(tblMaestroEquipos[[#This Row],[Fecha Compra PM]])),MAX(0,INT(tblMaestroEquipos[[#This Row],[Ultima Fecha PM]])-INT(tblMaestroEquipos[[#This Row],[Fecha Compra PM]])))),"") | AC9: =IFERROR(IF(OR(tblMaestroEquipos[[#This Row],[Fecha Salida Bodega]]="",tblMaestroEquipos[[#This Row],[Fecha Salida Bodega]]=0),"",IF(OR(tblMaestroEquipos[[#This Row],[Ultima Fecha PM]]="",tblMaestroEquipos[[#This Row],[Ultima Fecha PM]]=0),MAX(0,INT(TODAY())-INT(tblMaestroEquipos[[#This Row],[Fecha Salida Bodega]])),MAX(0,INT(tblMaestroEquipos[[#This Row],[Ultima Fecha PM]])-INT(tblMaestroEquipos[[#This Row],[Fecha Salida Bodega]])))),"") | AD9: =IF(tblMaestroEquipos[[#This Row],[Fecha Salida Bodega]]="","SIN SALIDA BODEGA",IF(OR(tblMaestroEquipos[[#This Row],[Ultima Fecha PM]]="",tblMaestroEquipos[[#This Row],[Ultima Fecha PM]]<tblMaestroEquipos[[#This Row],[Fecha Salida Bodega]]),"PENDIENTE","CERRADO")) -> SIN SALIDA BODEGA | AE9: =IF(TRIM(V9)="Fuera de servicio","FUERA DE SERVICIO", IF(OR(TRIM(V9)="Taller",TRIM(V9)="En taller"),"EN TALLER", IF(W9="ATRASADO","ATRASADO", IF(W9="EN PROCESO","EN PROCESO", IF(W9="PRÓXIMO","PRÓXIMO", "OPERATIVO"))))) -> OPERATIVO | AF9: =IF($AE9="ATRASADA",IF($X9<=-15,"CRÍTICA","ALTA"),IF($AE9="PRÓXIMA","MEDIA",IF(OR($AE9="EN PROCESO",$AE9="POR RECIBIR"),"SEGUIMIENTO",IF($AE9="FUERA DE SERVICIO","NO APLICA","BAJA")))) -> BAJA | AG9: =IF($AE9="FUERA DE SERVICIO","No programar compra",IF($AE9="CERRADO","Cerrar ciclo y preparar siguiente PM",IF($AE9="EN PROCESO","Hacer seguimiento al taller y cerrar report",IF($AE9="POR RECIBIR","Acelerar recepción de repuestos",IF($AE9="ATRASADA","Comprar kit PM y coordinar ejecución",IF($AE9="PRÓXIMA","Planificar compra preventiva","Monitorear próximo vencimiento")))))) -> Monitorear próximo vencimiento | AH9: =IF(AND(OR($AE9="ATRASADA",$AE9="PRÓXIMA"),$Z9="",$AA9=""),1,0) -> 0 | AI9: =IF(OR($AH9=0,$Y9=""),"",SUMPRODUCT(($AH$4:$AH$247=1)*(($Y$4:$Y$247<$Y9)+(($Y$4:$Y$247=$Y9)*(ROW($Y$4:$Y$247)<=ROW()))))) | AJ9: =IF(W9="ATRASADA",1,IF(W9="EN PROCESO",2,IF(W9="POR RECIBIR",3,99))) -> 99
A10: CD-97 | B10: Tracto Camión | C10: Camiones de Ruta | D10: Man | E10: TGS 33480 | F10: 2013 | G10: {=IFERROR(INDEX(Lecturas!$E$4:$E$3549,MATCH(1,(Lecturas!$B$4:$B$3549=$A10)*(Lecturas!$E$4:$E$3549<>"")*(Lecturas!$A$4:$A$3549=_xlfn.MAXIFS(Lecturas!$A$4:$A$3549,Lecturas!$B$4:$B$3549,$A10,Lecturas!$E$4:$E$3549,"<>")),0)),"")} | H10: Ramiro Solis | I10: HORAS | J10: 250 | K10: =IFERROR(IF($I10="KM",ROUND((_xlfn.MAXIFS(tblLecturas[Kilometraje],tblLecturas[Codigo],$A10)-_xlfn.MINIFS(tblLecturas[Kilometraje],tblLecturas[Codigo],$A10))/(MAX(1,_xlfn.MAXIFS(tblLecturas[Fecha],tblLecturas[Codigo],$A10)-_xlfn.MINIFS(tblLecturas[Fecha],tblLecturas[Codigo],$A10))),1),ROUND((_xlfn.MAXIFS(tblLecturas[Horometro],tblLecturas[Codigo],$A10)-_xlfn.MINIFS(tblLecturas[Horometro],tblLecturas[Codigo],$A10))/(MAX(1,_xlfn.MAXIFS(tblLecturas[Fecha],tblLecturas[Codigo],$A10)-_xlfn.MINIFS(tblLecturas[Fecha],tblLecturas[Codigo],$A10))),1)),"") -> 0 | L10: =IFERROR(_xlfn.MAXIFS(tblLecturas[Fecha],tblLecturas[Codigo],$A10),"") -> 46080 | M10: =IFERROR(_xlfn.MAXIFS(Lecturas!$C:$C,Lecturas!$B:$B,$A10,Lecturas!$C:$C,">0"),"") -> 0 | N10: =IFERROR(_xlfn.MAXIFS(tblLecturas[Kilometraje],tblLecturas[Codigo],$A10,tblLecturas[Kilometraje],">0"),"") -> 534934 | O10: {=IFERROR(IF($I10="KM",LOOKUP(2,1/(Lecturas!$B:$B=$A10)/(Lecturas!$D:$D>0),Lecturas!$D:$D),LOOKUP(2,1/(Lecturas!$B:$B=$A10)/(Lecturas!$C:$C>0),Lecturas!$C:$C)),"")} | P10: =IFERROR(_xlfn.MAXIFS(tblMantenciones[Fecha],tblMantenciones[Codigo],tblMaestroEquipos[[#This Row],[Codigo]],tblMantenciones[EsPM],"Sí"),"") -> 46014 | Q10: =IF(_xlfn.MAXIFS(Mantenciones!$D:$D,Mantenciones!$B:$B,A10)=0,"Sin datos de mantención registrado",_xlfn.MAXIFS(Mantenciones!$D:$D,Mantenciones!$B:$B,A10)) -> 530211 | R10: =IFERROR(IF(_xlfn.MAXIFS(Mantenciones!$D:$D,Mantenciones!$B:$B,$A10,Mantenciones!$E:$E,"Sí",Mantenciones!$D:$D,">0")=0,"Sin datos de mantención registrado",_xlfn.MAXIFS(Mantenciones!$D:$D,Mantenciones!$B:$B,$A10,Mantenciones!$E:$E,"Sí",Mantenciones!$D:$D,">0")),"Sin datos de mantención registrado") -> 530211 | S10: =IFERROR(SUMIFS(tblMantenciones[Costo Mantencion CLP],tblMantenciones[Codigo],A10),0) -> 0 | T10: =IFERROR(SUMIFS(tblComprasPM[Costo PM CLP],tblComprasPM[Codigo],tblMaestroEquipos[[#This Row],[Codigo]]),0) -> 0 | U10: =IFERROR(tblMaestroEquipos[[#This Row],[Costo Mantenciones CLP]]+tblMaestroEquipos[[#This Row],[Costo Compras PM CLP]],0) -> 0 | V10: =IFERROR(_xlfn.XLOOKUP(tblMaestroEquipos[[#This Row],[Codigo]],tblEquipos[Codigo],tblEquipos[Estado Base]),"") -> Operativo | W10: =IF(OR(TRIM($V10)="Fuera de Servicio",TRIM($V10)="Fuera de servicio"),"FUERA DE SERVICIO",IF(OR(TRIM($V10)="Taller",TRIM($V10)="En taller",TRIM($V10)="EN TALLER"),"EN TALLER",IF($AD10="PENDIENTE","POR RECIBIR",IF(AND($Z10<>"",$AA10=""),"EN PROCESO",IF(AND(ISNUMBER($X10),$X10<0),"ATRASADA",IF(AND(ISNUMBER($X10),$X10<=30),"PRÓXIMA","AL DÍA")))))) -> AL DÍA | X10: =IF(OR(NOT(ISNUMBER(R10)),NOT(ISNUMBER(J10)),NOT(ISNUMBER(O10))),"", (R10+J10)-O10) | Y10: =IFERROR(IF(OR(tblMaestroEquipos[[#This Row],[Estado Operacional]]="FUERA DE SERVICIO",tblMaestroEquipos[[#This Row],[Ultima Fecha Lectura]]="",tblMaestroEquipos[[#This Row],[Dias a Proxima Mantencion]]=""),"",tblMaestroEquipos[[#This Row],[Ultima Fecha Lectura]]+tblMaestroEquipos[[#This Row],[Dias a Proxima Mantencion]]),"") | Z10: =IFERROR(IF(_xlfn.MINIFS(tblComprasPM[Fecha],tblComprasPM[Codigo],tblMaestroEquipos[[#This Row],[Codigo]])=0,"",_xlfn.MINIFS(tblComprasPM[Fecha],tblComprasPM[Codigo],tblMaestroEquipos[[#This Row],[Codigo]])),"") | AA10: =IFERROR(IF(_xlfn.MAXIFS(tblBodega[Fecha],tblBodega[Codigo],tblMaestroEquipos[[#This Row],[Codigo]])=0,"",_xlfn.MAXIFS(tblBodega[Fecha],tblBodega[Codigo],tblMaestroEquipos[[#This Row],[Codigo]])),"") | AB10: =IFERROR(IF(OR(tblMaestroEquipos[[#This Row],[Fecha Compra PM]]="",tblMaestroEquipos[[#This Row],[Fecha Compra PM]]=0),"",IF(OR(tblMaestroEquipos[[#This Row],[Ultima Fecha PM]]="",tblMaestroEquipos[[#This Row],[Ultima Fecha PM]]=0),MAX(0,INT(TODAY())-INT(tblMaestroEquipos[[#This Row],[Fecha Compra PM]])),MAX(0,INT(tblMaestroEquipos[[#This Row],[Ultima Fecha PM]])-INT(tblMaestroEquipos[[#This Row],[Fecha Compra PM]])))),"") | AC10: =IFERROR(IF(OR(tblMaestroEquipos[[#This Row],[Fecha Salida Bodega]]="",tblMaestroEquipos[[#This Row],[Fecha Salida Bodega]]=0),"",IF(OR(tblMaestroEquipos[[#This Row],[Ultima Fecha PM]]="",tblMaestroEquipos[[#This Row],[Ultima Fecha PM]]=0),MAX(0,INT(TODAY())-INT(tblMaestroEquipos[[#This Row],[Fecha Salida Bodega]])),MAX(0,INT(tblMaestroEquipos[[#This Row],[Ultima Fecha PM]])-INT(tblMaestroEquipos[[#This Row],[Fecha Salida Bodega]])))),"") | AD10: =IF(tblMaestroEquipos[[#This Row],[Fecha Salida Bodega]]="","SIN SALIDA BODEGA",IF(OR(tblMaestroEquipos[[#This Row],[Ultima Fecha PM]]="",tblMaestroEquipos[[#This Row],[Ultima Fecha PM]]<tblMaestroEquipos[[#This Row],[Fecha Salida Bodega]]),"PENDIENTE","CERRADO")) -> SIN SALIDA BODEGA | AE10: =IF(TRIM(V10)="Fuera de servicio","FUERA DE SERVICIO", IF(OR(TRIM(V10)="Taller",TRIM(V10)="En taller"),"EN TALLER", IF(W10="ATRASADO","ATRASADO", IF(W10="EN PROCESO","EN PROCESO", IF(W10="PRÓXIMO","PRÓXIMO", "OPERATIVO"))))) -> OPERATIVO | AF10: =IF($AE10="ATRASADA",IF($X10<=-15,"CRÍTICA","ALTA"),IF($AE10="PRÓXIMA","MEDIA",IF(OR($AE10="EN PROCESO",$AE10="POR RECIBIR"),"SEGUIMIENTO",IF($AE10="FUERA DE SERVICIO","NO APLICA","BAJA")))) -> BAJA | AG10: =IF($AE10="FUERA DE SERVICIO","No programar compra",IF($AE10="CERRADO","Cerrar ciclo y preparar siguiente PM",IF($AE10="EN PROCESO","Hacer seguimiento al taller y cerrar report",IF($AE10="POR RECIBIR","Acelerar recepción de repuestos",IF($AE10="ATRASADA","Comprar kit PM y coordinar ejecución",IF($AE10="PRÓXIMA","Planificar compra preventiva","Monitorear próximo vencimiento")))))) -> Monitorear próximo vencimiento | AH10: =IF(AND(OR($AE10="ATRASADA",$AE10="PRÓXIMA"),$Z10="",$AA10=""),1,0) -> 0 | AI10: =IF(OR($AH10=0,$Y10=""),"",SUMPRODUCT(($AH$4:$AH$247=1)*(($Y$4:$Y$247<$Y10)+(($Y$4:$Y$247=$Y10)*(ROW($Y$4:$Y$247)<=ROW()))))) | AJ10: =IF(W10="ATRASADA",1,IF(W10="EN PROCESO",2,IF(W10="POR RECIBIR",3,99))) -> 99
A11: CD-140 | B11: Camion Plano | C11: Maquinaria Pesada | D11: Mercedes Benz | E11: 915 C 37 | F11: 2011 | G11: {=IFERROR(INDEX(Lecturas!$E$4:$E$3549,MATCH(1,(Lecturas!$B$4:$B$3549=$A11)*(Lecturas!$E$4:$E$3549<>"")*(Lecturas!$A$4:$A$3549=_xlfn.MAXIFS(Lecturas!$A$4:$A$3549,Lecturas!$B$4:$B$3549,$A11,Lecturas!$E$4:$E$3549,"<>")),0)),"")} -> Palmucho | I11: HORAS | J11: 250 | K11: =IFERROR(IF($I11="KM",ROUND((_xlfn.MAXIFS(tblLecturas[Kilometraje],tblLecturas[Codigo],$A11)-_xlfn.MINIFS(tblLecturas[Kilometraje],tblLecturas[Codigo],$A11))/(MAX(1,_xlfn.MAXIFS(tblLecturas[Fecha],tblLecturas[Codigo],$A11)-_xlfn.MINIFS(tblLecturas[Fecha],tblLecturas[Codigo],$A11))),1),ROUND((_xlfn.MAXIFS(tblLecturas[Horometro],tblLecturas[Codigo],$A11)-_xlfn.MINIFS(tblLecturas[Horometro],tblLecturas[Codigo],$A11))/(MAX(1,_xlfn.MAXIFS(tblLecturas[Fecha],tblLecturas[Codigo],$A11)-_xlfn.MINIFS(tblLecturas[Fecha],tblLecturas[Codigo],$A11))),1)),"") -> 0 | L11: =IFERROR(_xlfn.MAXIFS(tblLecturas[Fecha],tblLecturas[Codigo],$A11),"") -> 46111 | M11: =IFERROR(_xlfn.MAXIFS(Lecturas!$C:$C,Lecturas!$B:$B,$A11,Lecturas!$C:$C,">0"),"") -> 0 | N11: =IFERROR(_xlfn.MAXIFS(tblLecturas[Kilometraje],tblLecturas[Codigo],$A11,tblLecturas[Kilometraje],">0"),"") -> 787536 | O11: {=IFERROR(IF($I11="KM",LOOKUP(2,1/(Lecturas!$B:$B=$A11)/(Lecturas!$D:$D>0),Lecturas!$D:$D),LOOKUP(2,1/(Lecturas!$B:$B=$A11)/(Lecturas!$C:$C>0),Lecturas!$C:$C)),"")} | P11: =IFERROR(_xlfn.MAXIFS(tblMantenciones[Fecha],tblMantenciones[Codigo],tblMaestroEquipos[[#This Row],[Codigo]],tblMantenciones[EsPM],"Sí"),"") -> 46086 | Q11: =IF(_xlfn.MAXIFS(Mantenciones!$D:$D,Mantenciones!$B:$B,A11)=0,"Sin datos de mantención registrado",_xlfn.MAXIFS(Mantenciones!$D:$D,Mantenciones!$B:$B,A11)) -> 295000 | R11: =IFERROR(IF(_xlfn.MAXIFS(Mantenciones!$D:$D,Mantenciones!$B:$B,$A11,Mantenciones!$E:$E,"Sí",Mantenciones!$D:$D,">0")=0,"Sin datos de mantención registrado",_xlfn.MAXIFS(Mantenciones!$D:$D,Mantenciones!$B:$B,$A11,Mantenciones!$E:$E,"Sí",Mantenciones!$D:$D,">0")),"Sin datos de mantención registrado") -> 295000 | S11: =IFERROR(SUMIFS(tblMantenciones[Costo Mantencion CLP],tblMantenciones[Codigo],A11),0) -> 0 | T11: =IFERROR(SUMIFS(tblComprasPM[Costo PM CLP],tblComprasPM[Codigo],tblMaestroEquipos[[#This Row],[Codigo]]),0) -> 0 | U11: =IFERROR(tblMaestroEquipos[[#This Row],[Costo Mantenciones CLP]]+tblMaestroEquipos[[#This Row],[Costo Compras PM CLP]],0) -> 0 | V11: =IFERROR(_xlfn.XLOOKUP(tblMaestroEquipos[[#This Row],[Codigo]],tblEquipos[Codigo],tblEquipos[Estado Base]),"") -> Operativo | W11: =IF(OR(TRIM($V11)="Fuera de Servicio",TRIM($V11)="Fuera de servicio"),"FUERA DE SERVICIO",IF(OR(TRIM($V11)="Taller",TRIM($V11)="En taller",TRIM($V11)="EN TALLER"),"EN TALLER",IF($AD11="PENDIENTE","POR RECIBIR",IF(AND($Z11<>"",$AA11=""),"EN PROCESO",IF(AND(ISNUMBER($X11),$X11<0),"ATRASADA",IF(AND(ISNUMBER($X11),$X11<=30),"PRÓXIMA","AL DÍA")))))) -> POR RECIBIR | X11: =IF(OR(NOT(ISNUMBER(R11)),NOT(ISNUMBER(J11)),NOT(ISNUMBER(O11))),"", (R11+J11)-O11) | Y11: =IFERROR(IF(OR(tblMaestroEquipos[[#This Row],[Estado Operacional]]="FUERA DE SERVICIO",tblMaestroEquipos[[#This Row],[Ultima Fecha Lectura]]="",tblMaestroEquipos[[#This Row],[Dias a Proxima Mantencion]]=""),"",tblMaestroEquipos[[#This Row],[Ultima Fecha Lectura]]+tblMaestroEquipos[[#This Row],[Dias a Proxima Mantencion]]),"") | Z11: =IFERROR(IF(_xlfn.MINIFS(tblComprasPM[Fecha],tblComprasPM[Codigo],tblMaestroEquipos[[#This Row],[Codigo]])=0,"",_xlfn.MINIFS(tblComprasPM[Fecha],tblComprasPM[Codigo],tblMaestroEquipos[[#This Row],[Codigo]])),"") | AA11: =IFERROR(IF(_xlfn.MAXIFS(tblBodega[Fecha],tblBodega[Codigo],tblMaestroEquipos[[#This Row],[Codigo]])=0,"",_xlfn.MAXIFS(tblBodega[Fecha],tblBodega[Codigo],tblMaestroEquipos[[#This Row],[Codigo]])),"") -> 46090 | AB11: =IFERROR(IF(OR(tblMaestroEquipos[[#This Row],[Fecha Compra PM]]="",tblMaestroEquipos[[#This Row],[Fecha Compra PM]]=0),"",IF(OR(tblMaestroEquipos[[#This Row],[Ultima Fecha PM]]="",tblMaestroEquipos[[#This Row],[Ultima Fecha PM]]=0),MAX(0,INT(TODAY())-INT(tblMaestroEquipos[[#This Row],[Fecha Compra PM]])),MAX(0,INT(tblMaestroEquipos[[#This Row],[Ultima Fecha PM]])-INT(tblMaestroEquipos[[#This Row],[Fecha Compra PM]])))),"") | AC11: =IFERROR(IF(OR(tblMaestroEquipos[[#This Row],[Fecha Salida Bodega]]="",tblMaestroEquipos[[#This Row],[Fecha Salida Bodega]]=0),"",IF(OR(tblMaestroEquipos[[#This Row],[Ultima Fecha PM]]="",tblMaestroEquipos[[#This Row],[Ultima Fecha PM]]=0),MAX(0,INT(TODAY())-INT(tblMaestroEquipos[[#This Row],[Fecha Salida Bodega]])),MAX(0,INT(tblMaestroEquipos[[#This Row],[Ultima Fecha PM]])-INT(tblMaestroEquipos[[#This Row],[Fecha Salida Bodega]])))),"") -> 0 | AD11: =IF(tblMaestroEquipos[[#This Row],[Fecha Salida Bodega]]="","SIN SALIDA BODEGA",IF(OR(tblMaestroEquipos[[#This Row],[Ultima Fecha PM]]="",tblMaestroEquipos[[#This Row],[Ultima Fecha PM]]<tblMaestroEquipos[[#This Row],[Fecha Salida Bodega]]),"PENDIENTE","CERRADO")) -> PENDIENTE | AE11: =IF(TRIM(V11)="Fuera de servicio","FUERA DE SERVICIO", IF(OR(TRIM(V11)="Taller",TRIM(V11)="En taller"),"EN TALLER", IF(W11="ATRASADO","ATRASADO", IF(W11="EN PROCESO","EN PROCESO", IF(W11="PRÓXIMO","PRÓXIMO", "OPERATIVO"))))) -> OPERATIVO | AF11: =IF($AE11="ATRASADA",IF($X11<=-15,"CRÍTICA","ALTA"),IF($AE11="PRÓXIMA","MEDIA",IF(OR($AE11="EN PROCESO",$AE11="POR RECIBIR"),"SEGUIMIENTO",IF($AE11="FUERA DE SERVICIO","NO APLICA","BAJA")))) -> BAJA | AG11: =IF($AE11="FUERA DE SERVICIO","No programar compra",IF($AE11="CERRADO","Cerrar ciclo y preparar siguiente PM",IF($AE11="EN PROCESO","Hacer seguimiento al taller y cerrar report",IF($AE11="POR RECIBIR","Acelerar recepción de repuestos",IF($AE11="ATRASADA","Comprar kit PM y coordinar ejecución",IF($AE11="PRÓXIMA","Planificar compra preventiva","Monitorear próximo vencimiento")))))) -> Monitorear próximo vencimiento | AH11: =IF(AND(OR($AE11="ATRASADA",$AE11="PRÓXIMA"),$Z11="",$AA11=""),1,0) -> 0 | AI11: =IF(OR($AH11=0,$Y11=""),"",SUMPRODUCT(($AH$4:$AH$247=1)*(($Y$4:$Y$247<$Y11)+(($Y$4:$Y$247=$Y11)*(ROW($Y$4:$Y$247)<=ROW()))))) | AJ11: =IF(W11="ATRASADA",1,IF(W11="EN PROCESO",2,IF(W11="POR RECIBIR",3,99))) -> 3
A12: CD-71 | B12: Camión Aljibe | C12: Camiones de Ruta | D12: Mack | E12: GU 813 | F12: 2008 | G12: {=IFERROR(INDEX(Lecturas!$E$4:$E$3549,MATCH(1,(Lecturas!$B$4:$B$3549=$A12)*(Lecturas!$E$4:$E$3549<>"")*(Lecturas!$A$4:$A$3549=_xlfn.MAXIFS(Lecturas!$A$4:$A$3549,Lecturas!$B$4:$B$3549,$A12,Lecturas!$E$4:$E$3549,"<>")),0)),"")} -> Palmucho | H12: Guido Saez | I12: HORAS | J12: 250 | K12: =IFERROR(IF($I12="KM",ROUND((_xlfn.MAXIFS(tblLecturas[Kilometraje],tblLecturas[Codigo],$A12)-_xlfn.MINIFS(tblLecturas[Kilometraje],tblLecturas[Codigo],$A12))/(MAX(1,_xlfn.MAXIFS(tblLecturas[Fecha],tblLecturas[Codigo],$A12)-_xlfn.MINIFS(tblLecturas[Fecha],tblLecturas[Codigo],$A12))),1),ROUND((_xlfn.MAXIFS(tblLecturas[Horometro],tblLecturas[Codigo],$A12)-_xlfn.MINIFS(tblLecturas[Horometro],tblLecturas[Codigo],$A12))/(MAX(1,_xlfn.MAXIFS(tblLecturas[Fecha],tblLecturas[Codigo],$A12)-_xlfn.MINIFS(tblLecturas[Fecha],tblLecturas[Codigo],$A12))),1)),"") -> 0 | L12: =IFERROR(_xlfn.MAXIFS(tblLecturas[Fecha],tblLecturas[Codigo],$A12),"") -> 46107 | M12: =IFERROR(_xlfn.MAXIFS(Lecturas!$C:$C,Lecturas!$B:$B,$A12,Lecturas!$C:$C,">0"),"") -> 0 | N12: =IFERROR(_xlfn.MAXIFS(tblLecturas[Kilometraje],tblLecturas[Codigo],$A12,tblLecturas[Kilometraje],">0"),"") -> 175043 | O12: {=IFERROR(IF($I12="KM",LOOKUP(2,1/(Lecturas!$B:$B=$A12)/(Lecturas!$D:$D>0),Lecturas!$D:$D),LOOKUP(2,1/(Lecturas!$B:$B=$A12)/(Lecturas!$C:$C>0),Lecturas!$C:$C)),"")} | P12: =IFERROR(_xlfn.MAXIFS(tblMantenciones[Fecha],tblMantenciones[Codigo],tblMaestroEquipos[[#This Row],[Codigo]],tblMantenciones[EsPM],"Sí"),"") -> 0 | Q12: =IF(_xlfn.MAXIFS(Mantenciones!$D:$D,Mantenciones!$B:$B,A12)=0,"Sin datos de mantención registrado",_xlfn.MAXIFS(Mantenciones!$D:$D,Mantenciones!$B:$B,A12)) -> Sin datos de mantención registrado | R12: =IFERROR(IF(_xlfn.MAXIFS(Mantenciones!$D:$D,Mantenciones!$B:$B,$A12,Mantenciones!$E:$E,"Sí",Mantenciones!$D:$D,">0")=0,"Sin datos de mantención registrado",_xlfn.MAXIFS(Mantenciones!$D:$D,Mantenciones!$B:$B,$A12,Mantenciones!$E:$E,"Sí",Mantenciones!$D:$D,">0")),"Sin datos de mantención registrado") -> Sin datos de mantención registrado | S12: =IFERROR(SUMIFS(tblMantenciones[Costo Mantencion CLP],tblMantenciones[Codigo],A12),0) -> 0 | T12: =IFERROR(SUMIFS(tblComprasPM[Costo PM CLP],tblComprasPM[Codigo],tblMaestroEquipos[[#This Row],[Codigo]]),0) -> 393830.5 | U12: =IFERROR(tblMaestroEquipos[[#This Row],[Costo Mantenciones CLP]]+tblMaestroEquipos[[#This Row],[Costo Compras PM CLP]],0) -> 393830.5 | V12: =IFERROR(_xlfn.XLOOKUP(tblMaestroEquipos[[#This Row],[Codigo]],tblEquipos[Codigo],tblEquipos[Estado Base]),"") -> Operativo | W12: =IF(OR(TRIM($V12)="Fuera de Servicio",TRIM($V12)="Fuera de servicio"),"FUERA DE SERVICIO",IF(OR(TRIM($V12)="Taller",TRIM($V12)="En taller",TRIM($V12)="EN TALLER"),"EN TALLER",IF($AD12="PENDIENTE","POR RECIBIR",IF(AND($Z12<>"",$AA12=""),"EN PROCESO",IF(AND(ISNUMBER($X12),$X12<0),"ATRASADA",IF(AND(ISNUMBER($X12),$X12<=30),"PRÓXIMA","AL DÍA")))))) -> POR RECIBIR | X12: =IF(OR(NOT(ISNUMBER(R12)),NOT(ISNUMBER(J12)),NOT(ISNUMBER(O12))),"", (R12+J12)-O12) | Y12: =IFERROR(IF(OR(tblMaestroEquipos[[#This Row],[Estado Operacional]]="FUERA DE SERVICIO",tblMaestroEquipos[[#This Row],[Ultima Fecha Lectura]]="",tblMaestroEquipos[[#This Row],[Dias a Proxima Mantencion]]=""),"",tblMaestroEquipos[[#This Row],[Ultima Fecha Lectura]]+tblMaestroEquipos[[#This Row],[Dias a Proxima Mantencion]]),"") | Z12: =IFERROR(IF(_xlfn.MINIFS(tblComprasPM[Fecha],tblComprasPM[Codigo],tblMaestroEquipos[[#This Row],[Codigo]])=0,"",_xlfn.MINIFS(tblComprasPM[Fecha],tblComprasPM[Codigo],tblMaestroEquipos[[#This Row],[Codigo]])),"") -> 46078.661 | AA12: =IFERROR(IF(_xlfn.MAXIFS(tblBodega[Fecha],tblBodega[Codigo],tblMaestroEquipos[[#This Row],[Codigo]])=0,"",_xlfn.MAXIFS(tblBodega[Fecha],tblBodega[Codigo],tblMaestroEquipos[[#This Row],[Codigo]])),"") -> 46087 | AB12: =IFERROR(IF(OR(tblMaestroEquipos[[#This Row],[Fecha Compra PM]]="",tblMaestroEquipos[[#This Row],[Fecha Compra PM]]=0),"",IF(OR(tblMaestroEquipos[[#This Row],[Ultima Fecha PM]]="",tblMaestroEquipos[[#This Row],[Ultima Fecha PM]]=0),MAX(0,INT(TODAY())-INT(tblMaestroEquipos[[#This Row],[Fecha Compra PM]])),MAX(0,INT(tblMaestroEquipos[[#This Row],[Ultima Fecha PM]])-INT(tblMaestroEquipos[[#This Row],[Fecha Compra PM]])))),"") -> 67 | AC12: =IFERROR(IF(OR(tblMaestroEquipos[[#This Row],[Fecha Salida Bodega]]="",tblMaestroEquipos[[#This Row],[Fecha Salida Bodega]]=0),"",IF(OR(tblMaestroEquipos[[#This Row],[Ultima Fecha PM]]="",tblMaestroEquipos[[#This Row],[Ultima Fecha PM]]=0),MAX(0,INT(TODAY())-INT(tblMaestroEquipos[[#This Row],[Fecha Salida Bodega]])),MAX(0,INT(tblMaestroEquipos[[#This Row],[Ultima Fecha PM]])-INT(tblMaestroEquipos[[#This Row],[Fecha Salida Bodega]])))),"") -> 58 | AD12: =IF(tblMaestroEquipos[[#This Row],[Fecha Salida Bodega]]="","SIN SALIDA BODEGA",IF(OR(tblMaestroEquipos[[#This Row],[Ultima Fecha PM]]="",tblMaestroEquipos[[#This Row],[Ultima Fecha PM]]<tblMaestroEquipos[[#This Row],[Fecha Salida Bodega]]),"PENDIENTE","CERRADO")) -> PENDIENTE | AE12: =IF(TRIM(V12)="Fuera de servicio","FUERA DE SERVICIO", IF(OR(TRIM(V12)="Taller",TRIM(V12)="En taller"),"EN TALLER", IF(W12="ATRASADO","ATRASADO", IF(W12="EN PROCESO","EN PROCESO", IF(W12="PRÓXIMO","PRÓXIMO", "OPERATIVO"))))) -> OPERATIVO | AF12: =IF($AE12="ATRASADA",IF($X12<=-15,"CRÍTICA","ALTA"),IF($AE12="PRÓXIMA","MEDIA",IF(OR($AE12="EN PROCESO",$AE12="POR RECIBIR"),"SEGUIMIENTO",IF($AE12="FUERA DE SERVICIO","NO APLICA","BAJA")))) -> BAJA | AG12: =IF($AE12="FUERA DE SERVICIO","No programar compra",IF($AE12="CERRADO","Cerrar ciclo y preparar siguiente PM",IF($AE12="EN PROCESO","Hacer seguimiento al taller y cerrar report",IF($AE12="POR RECIBIR","Acelerar recepción de repuestos",IF($AE12="ATRASADA","Comprar kit PM y coordinar ejecución",IF($AE12="PRÓXIMA","Planificar compra preventiva","Monitorear próximo vencimiento")))))) -> Monitorear próximo vencimiento | AH12: =IF(AND(OR($AE12="ATRASADA",$AE12="PRÓXIMA"),$Z12="",$AA12=""),1,0) -> 0 | AI12: =IF(OR($AH12=0,$Y12=""),"",SUMPRODUCT(($AH$4:$AH$247=1)*(($Y$4:$Y$247<$Y12)+(($Y$4:$Y$247=$Y12)*(ROW($Y$4:$Y$247)<=ROW()))))) | AJ12: =IF(W12="ATRASADA",1,IF(W12="EN PROCESO",2,IF(W12="POR RECIBIR",3,99))) -> 3
A13: CD-110 | B13: Camión Plano | C13: Camiones de Ruta | D13: Jac | E13: Urban HFC1050K | F13: 2015 | G13: {=IFERROR(INDEX(Lecturas!$E$4:$E$3549,MATCH(1,(Lecturas!$B$4:$B$3549=$A13)*(Lecturas!$E$4:$E$3549<>"")*(Lecturas!$A$4:$A$3549=_xlfn.MAXIFS(Lecturas!$A$4:$A$3549,Lecturas!$B$4:$B$3549,$A13,Lecturas!$E$4:$E$3549,"<>")),0)),"")} -> Cobquecura | H13: No identificado | I13: KM | J13: 10000 | K13: =IFERROR(IF($I13="KM",ROUND((_xlfn.MAXIFS(tblLecturas[Kilometraje],tblLecturas[Codigo],$A13)-_xlfn.MINIFS(tblLecturas[Kilometraje],tblLecturas[Codigo],$A13))/(MAX(1,_xlfn.MAXIFS(tblLecturas[Fecha],tblLecturas[Codigo],$A13)-_xlfn.MINIFS(tblLecturas[Fecha],tblLecturas[Codigo],$A13))),1),ROUND((_xlfn.MAXIFS(tblLecturas[Horometro],tblLecturas[Codigo],$A13)-_xlfn.MINIFS(tblLecturas[Horometro],tblLecturas[Codigo],$A13))/(MAX(1,_xlfn.MAXIFS(tblLecturas[Fecha],tblLecturas[Codigo],$A13)-_xlfn.MINIFS(tblLecturas[Fecha],tblLecturas[Codigo],$A13))),1)),"") -> 67.1 | L13: =IFERROR(_xlfn.MAXIFS(tblLecturas[Fecha],tblLecturas[Codigo],$A13),"") -> 46111 | M13: =IFERROR(_xlfn.MAXIFS(Lecturas!$C:$C,Lecturas!$B:$B,$A13,Lecturas!$C:$C,">0"),"") -> 0 | N13: =IFERROR(_xlfn.MAXIFS(tblLecturas[Kilometraje],tblLecturas[Codigo],$A13,tblLecturas[Kilometraje],">0"),"") -> 275886 | O13: {=IFERROR(IF($I13="KM",LOOKUP(2,1/(Lecturas!$B:$B=$A13)/(Lecturas!$D:$D>0),Lecturas!$D:$D),LOOKUP(2,1/(Lecturas!$B:$B=$A13)/(Lecturas!$C:$C>0),Lecturas!$C:$C)),"")} -> 193328 | P13: =IFERROR(_xlfn.MAXIFS(tblMantenciones[Fecha],tblMantenciones[Codigo],tblMaestroEquipos[[#This Row],[Codigo]],tblMantenciones[EsPM],"Sí"),"") -> 46105 | Q13: =IF(_xlfn.MAXIFS(Mantenciones!$D:$D,Mantenciones!$B:$B,A13)=0,"Sin datos de mantención registrado",_xlfn.MAXIFS(Mantenciones!$D:$D,Mantenciones!$B:$B,A13)) -> 275548 | R13: =IFERROR(IF(_xlfn.MAXIFS(Mantenciones!$D:$D,Mantenciones!$B:$B,$A13,Mantenciones!$E:$E,"Sí",Mantenciones!$D:$D,">0")=0,"Sin datos de mantención registrado",_xlfn.MAXIFS(Mantenciones!$D:$D,Mantenciones!$B:$B,$A13,Mantenciones!$E:$E,"Sí",Mantenciones!$D:$D,">0")),"Sin datos de mantención registrado") -> 275548 | S13: =IFERROR(SUMIFS(tblMantenciones[Costo Mantencion CLP],tblMantenciones[Codigo],A13),0) -> 0 | T13: =IFERROR(SUMIFS(tblComprasPM[Costo PM CLP],tblComprasPM[Codigo],tblMaestroEquipos[[#This Row],[Codigo]]),0) -> 21301 | U13: =IFERROR(tblMaestroEquipos[[#This Row],[Costo Mantenciones CLP]]+tblMaestroEquipos[[#This Row],[Costo Compras PM CLP]],0) -> 21301 | V13: =IFERROR(_xlfn.XLOOKUP(tblMaestroEquipos[[#This Row],[Codigo]],tblEquipos[Codigo],tblEquipos[Estado Base]),"") -> Operativo | W13: =IF(OR(TRIM($V13)="Fuera de Servicio",TRIM($V13)="Fuera de servicio"),"FUERA DE SERVICIO",IF(OR(TRIM($V13)="Taller",TRIM($V13)="En taller",TRIM($V13)="EN TALLER"),"EN TALLER",IF($AD13="PENDIENTE","POR RECIBIR",IF(AND($Z13<>"",$AA13=""),"EN PROCESO",IF(AND(ISNUMBER($X13),$X13<0),"ATRASADA",IF(AND(ISNUMBER($X13),$X13<=30),"PRÓXIMA","AL DÍA")))))) -> AL DÍA | X13: =IF(OR(NOT(ISNUMBER(R13)),NOT(ISNUMBER(J13)),NOT(ISNUMBER(O13))),"", (R13+J13)-O13) -> 92220 | Y13: =IFERROR(IF(OR(tblMaestroEquipos[[#This Row],[Estado Operacional]]="FUERA DE SERVICIO",tblMaestroEquipos[[#This Row],[Ultima Fecha Lectura]]="",tblMaestroEquipos[[#This Row],[Dias a Proxima Mantencion]]=""),"",tblMaestroEquipos[[#This Row],[Ultima Fecha Lectura]]+tblMaestroEquipos[[#This Row],[Dias a Proxima Mantencion]]),"") -> 138331 | Z13: =IFERROR(IF(_xlfn.MINIFS(tblComprasPM[Fecha],tblComprasPM[Codigo],tblMaestroEquipos[[#This Row],[Codigo]])=0,"",_xlfn.MINIFS(tblComprasPM[Fecha],tblComprasPM[Codigo],tblMaestroEquipos[[#This Row],[Codigo]])),"") -> 46076.364 | AA13: =IFERROR(IF(_xlfn.MAXIFS(tblBodega[Fecha],tblBodega[Codigo],tblMaestroEquipos[[#This Row],[Codigo]])=0,"",_xlfn.MAXIFS(tblBodega[Fecha],tblBodega[Codigo],tblMaestroEquipos[[#This Row],[Codigo]])),"") -> 46101 | AB13: =IFERROR(IF(OR(tblMaestroEquipos[[#This Row],[Fecha Compra PM]]="",tblMaestroEquipos[[#This Row],[Fecha Compra PM]]=0),"",IF(OR(tblMaestroEquipos[[#This Row],[Ultima Fecha PM]]="",tblMaestroEquipos[[#This Row],[Ultima Fecha PM]]=0),MAX(0,INT(TODAY())-INT(tblMaestroEquipos[[#This Row],[Fecha Compra PM]])),MAX(0,INT(tblMaestroEquipos[[#This Row],[Ultima Fecha PM]])-INT(tblMaestroEquipos[[#This Row],[Fecha Compra PM]])))),"") -> 29 | AC13: =IFERROR(IF(OR(tblMaestroEquipos[[#This Row],[Fecha Salida Bodega]]="",tblMaestroEquipos[[#This Row],[Fecha Salida Bodega]]=0),"",IF(OR(tblMaestroEquipos[[#This Row],[Ultima Fecha PM]]="",tblMaestroEquipos[[#This Row],[Ultima Fecha PM]]=0),MAX(0,INT(TODAY())-INT(tblMaestroEquipos[[#This Row],[Fecha Salida Bodega]])),MAX(0,INT(tblMaestroEquipos[[#This Row],[Ultima Fecha PM]])-INT(tblMaestroEquipos[[#This Row],[Fecha Salida Bodega]])))),"") -> 4 | AD13: =IF(tblMaestroEquipos[[#This Row],[Fecha Salida Bodega]]="","SIN SALIDA BODEGA",IF(OR(tblMaestroEquipos[[#This Row],[Ultima Fecha PM]]="",tblMaestroEquipos[[#This Row],[Ultima Fecha PM]]<tblMaestroEquipos[[#This Row],[Fecha Salida Bodega]]),"PENDIENTE","CERRADO")) -> CERRADO | AE13: =IF(TRIM(V13)="Fuera de servicio","FUERA DE SERVICIO", IF(OR(TRIM(V13)="Taller",TRIM(V13)="En taller"),"EN TALLER", IF(W13="ATRASADO","ATRASADO", IF(W13="EN PROCESO","EN PROCESO", IF(W13="PRÓXIMO","PRÓXIMO", "OPERATIVO"))))) -> OPERATIVO | AF13: =IF($AE13="ATRASADA",IF($X13<=-15,"CRÍTICA","ALTA"),IF($AE13="PRÓXIMA","MEDIA",IF(OR($AE13="EN PROCESO",$AE13="POR RECIBIR"),"SEGUIMIENTO",IF($AE13="FUERA DE SERVICIO","NO APLICA","BAJA")))) -> BAJA | AG13: =IF($AE13="FUERA DE SERVICIO","No programar compra",IF($AE13="CERRADO","Cerrar ciclo y preparar siguiente PM",IF($AE13="EN PROCESO","Hacer seguimiento al taller y cerrar report",IF($AE13="POR RECIBIR","Acelerar recepción de repuestos",IF($AE13="ATRASADA","Comprar kit PM y coordinar ejecución",IF($AE13="PRÓXIMA","Planificar compra preventiva","Monitorear próximo vencimiento")))))) -> Monitorear próximo vencimiento | AH13: =IF(AND(OR($AE13="ATRASADA",$AE13="PRÓXIMA"),$Z13="",$AA13=""),1,0) -> 0 | AI13: =IF(OR($AH13=0,$Y13=""),"",SUMPRODUCT(($AH$4:$AH$247=1)*(($Y$4:$Y$247<$Y13)+(($Y$4:$Y$247=$Y13)*(ROW($Y$4:$Y$247)<=ROW()))))) | AJ13: =IF(W13="ATRASADA",1,IF(W13="EN PROCESO",2,IF(W13="POR RECIBIR",3,99))) -> 99
A14: CD-125 | B14: Camión Maxus | C14: Camiones de Ruta | D14: Maxus | E14: C35 2.0 | F14: 2023 | G14: {=IFERROR(INDEX(Lecturas!$E$4:$E$3549,MATCH(1,(Lecturas!$B$4:$B$3549=$A14)*(Lecturas!$E$4:$E$3549<>"")*(Lecturas!$A$4:$A$3549=_xlfn.MAXIFS(Lecturas!$A$4:$A$3549,Lecturas!$B$4:$B$3549,$A14,Lecturas!$E$4:$E$3549,"<>")),0)),"")} -> Oficina Central | H14: Patricio Mora | I14: HORAS | J14: 250 | K14: =IFERROR(IF($I14="KM",ROUND((_xlfn.MAXIFS(tblLecturas[Kilometraje],tblLecturas[Codigo],$A14)-_xlfn.MINIFS(tblLecturas[Kilometraje],tblLecturas[Codigo],$A14))/(MAX(1,_xlfn.MAXIFS(tblLecturas[Fecha],tblLecturas[Codigo],$A14)-_xlfn.MINIFS(tblLecturas[Fecha],tblLecturas[Codigo],$A14))),1),ROUND((_xlfn.MAXIFS(tblLecturas[Horometro],tblLecturas[Codigo],$A14)-_xlfn.MINIFS(tblLecturas[Horometro],tblLecturas[Codigo],$A14))/(MAX(1,_xlfn.MAXIFS(tblLecturas[Fecha],tblLecturas[Codigo],$A14)-_xlfn.MINIFS(tblLecturas[Fecha],tblLecturas[Codigo],$A14))),1)),"") -> 0 | L14: =IFERROR(_xlfn.MAXIFS(tblLecturas[Fecha],tblLecturas[Codigo],$A14),"") -> 46100 | M14: =IFERROR(_xlfn.MAXIFS(Lecturas!$C:$C,Lecturas!$B:$B,$A14,Lecturas!$C:$C,">0"),"") -> 1471 | N14: =IFERROR(_xlfn.MAXIFS(tblLecturas[Kilometraje],tblLecturas[Codigo],$A14,tblLecturas[Kilometraje],">0"),"") -> 79301 | O14: {=IFERROR(IF($I14="KM",LOOKUP(2,1/(Lecturas!$B:$B=$A14)/(Lecturas!$D:$D>0),Lecturas!$D:$D),LOOKUP(2,1/(Lecturas!$B:$B=$A14)/(Lecturas!$C:$C>0),Lecturas!$C:$C)),"")} -> 1471 | P14: =IFERROR(_xlfn.MAXIFS(tblMantenciones[Fecha],tblMantenciones[Codigo],tblMaestroEquipos[[#This Row],[Codigo]],tblMantenciones[EsPM],"Sí"),"") -> 0 | Q14: =IF(_xlfn.MAXIFS(Mantenciones!$D:$D,Mantenciones!$B:$B,A14)=0,"Sin datos de mantención registrado",_xlfn.MAXIFS(Mantenciones!$D:$D,Mantenciones!$B:$B,A14)) -> Sin datos de mantención registrado | R14: =IFERROR(IF(_xlfn.MAXIFS(Mantenciones!$D:$D,Mantenciones!$B:$B,$A14,Mantenciones!$E:$E,"Sí",Mantenciones!$D:$D,">0")=0,"Sin datos de mantención registrado",_xlfn.MAXIFS(Mantenciones!$D:$D,Mantenciones!$B:$B,$A14,Mantenciones!$E:$E,"Sí",Mantenciones!$D:$D,">0")),"Sin datos de mantención registrado") -> Sin datos de mantención registrado | S14: =IFERROR(SUMIFS(tblMantenciones[Costo Mantencion CLP],tblMantenciones[Codigo],A14),0) -> 0 | T14: =IFERROR(SUMIFS(tblComprasPM[Costo PM CLP],tblComprasPM[Codigo],tblMaestroEquipos[[#This Row],[Codigo]]),0) -> 103590.69 | U14: =IFERROR(tblMaestroEquipos[[#This Row],[Costo Mantenciones CLP]]+tblMaestroEquipos[[#This Row],[Costo Compras PM CLP]],0) -> 103590.69 | V14: =IFERROR(_xlfn.XLOOKUP(tblMaestroEquipos[[#This Row],[Codigo]],tblEquipos[Codigo],tblEquipos[Estado Base]),"") -> Operativo | W14: =IF(OR(TRIM($V14)="Fuera de Servicio",TRIM($V14)="Fuera de servicio"),"FUERA DE SERVICIO",IF(OR(TRIM($V14)="Taller",TRIM($V14)="En taller",TRIM($V14)="EN TALLER"),"EN TALLER",IF($AD14="PENDIENTE","POR RECIBIR",IF(AND($Z14<>"",$AA14=""),"EN PROCESO",IF(AND(ISNUMBER($X14),$X14<0),"ATRASADA",IF(AND(ISNUMBER($X14),$X14<=30),"PRÓXIMA","AL DÍA")))))) -> POR RECIBIR | X14: =IF(OR(NOT(ISNUMBER(R14)),NOT(ISNUMBER(J14)),NOT(ISNUMBER(O14))),"", (R14+J14)-O14) | Y14: =IFERROR(IF(OR(tblMaestroEquipos[[#This Row],[Estado Operacional]]="FUERA DE SERVICIO",tblMaestroEquipos[[#This Row],[Ultima Fecha Lectura]]="",tblMaestroEquipos[[#This Row],[Dias a Proxima Mantencion]]=""),"",tblMaestroEquipos[[#This Row],[Ultima Fecha Lectura]]+tblMaestroEquipos[[#This Row],[Dias a Proxima Mantencion]]),"") | Z14: =IFERROR(IF(_xlfn.MINIFS(tblComprasPM[Fecha],tblComprasPM[Codigo],tblMaestroEquipos[[#This Row],[Codigo]])=0,"",_xlfn.MINIFS(tblComprasPM[Fecha],tblComprasPM[Codigo],tblMaestroEquipos[[#This Row],[Codigo]])),"") -> 46099 | AA14: =IFERROR(IF(_xlfn.MAXIFS(tblBodega[Fecha],tblBodega[Codigo],tblMaestroEquipos[[#This Row],[Codigo]])=0,"",_xlfn.MAXIFS(tblBodega[Fecha],tblBodega[Codigo],tblMaestroEquipos[[#This Row],[Codigo]])),"") -> 46080 | AB14: =IFERROR(IF(OR(tblMaestroEquipos[[#This Row],[Fecha Compra PM]]="",tblMaestroEquipos[[#This Row],[Fecha Compra PM]]=0),"",IF(OR(tblMaestroEquipos[[#This Row],[Ultima Fecha PM]]="",tblMaestroEquipos[[#This Row],[Ultima Fecha PM]]=0),MAX(0,INT(TODAY())-INT(tblMaestroEquipos[[#This Row],[Fecha Compra PM]])),MAX(0,INT(tblMaestroEquipos[[#This Row],[Ultima Fecha PM]])-INT(tblMaestroEquipos[[#This Row],[Fecha Compra PM]])))),"") -> 46 | AC14: =IFERROR(IF(OR(tblMaestroEquipos[[#This Row],[Fecha Salida Bodega]]="",tblMaestroEquipos[[#This Row],[Fecha Salida Bodega]]=0),"",IF(OR(tblMaestroEquipos[[#This Row],[Ultima Fecha PM]]="",tblMaestroEquipos[[#This Row],[Ultima Fecha PM]]=0),MAX(0,INT(TODAY())-INT(tblMaestroEquipos[[#This Row],[Fecha Salida Bodega]])),MAX(0,INT(tblMaestroEquipos[[#This Row],[Ultima Fecha PM]])-INT(tblMaestroEquipos[[#This Row],[Fecha Salida Bodega]])))),"") -> 65 | AD14: =IF(tblMaestroEquipos[[#This Row],[Fecha Salida Bodega]]="","SIN SALIDA BODEGA",IF(OR(tblMaestroEquipos[[#This Row],[Ultima Fecha PM]]="",tblMaestroEquipos[[#This Row],[Ultima Fecha PM]]<tblMaestroEquipos[[#This Row],[Fecha Salida Bodega]]),"PENDIENTE","CERRADO")) -> PENDIENTE | AE14: =IF(TRIM(V14)="Fuera de servicio","FUERA DE SERVICIO", IF(OR(TRIM(V14)="Taller",TRIM(V14)="En taller"),"EN TALLER", IF(W14="ATRASADO","ATRASADO", IF(W14="EN PROCESO","EN PROCESO", IF(W14="PRÓXIMO","PRÓXIMO", "OPERATIVO"))))) -> OPERATIVO | AF14: =IF($AE14="ATRASADA",IF($X14<=-15,"CRÍTICA","ALTA"),IF($AE14="PRÓXIMA","MEDIA",IF(OR($AE14="EN PROCESO",$AE14="POR RECIBIR"),"SEGUIMIENTO",IF($AE14="FUERA DE SERVICIO","NO APLICA","BAJA")))) -> BAJA | AG14: =IF($AE14="FUERA DE SERVICIO","No programar compra",IF($AE14="CERRADO","Cerrar ciclo y preparar siguiente PM",IF($AE14="EN PROCESO","Hacer seguimiento al taller y cerrar report",IF($AE14="POR RECIBIR","Acelerar recepción de repuestos",IF($AE14="ATRASADA","Comprar kit PM y coordinar ejecución",IF($AE14="PRÓXIMA","Planificar compra preventiva","Monitorear próximo vencimiento")))))) -> Monitorear próximo vencimiento | AH14: =IF(AND(OR($AE14="ATRASADA",$AE14="PRÓXIMA"),$Z14="",$AA14=""),1,0) -> 0 | AI14: =IF(OR($AH14=0,$Y14=""),"",SUMPRODUCT(($AH$4:$AH$247=1)*(($Y$4:$Y$247<$Y14)+(($Y$4:$Y$247=$Y14)*(ROW($Y$4:$Y$247)<=ROW()))))) | AJ14: =IF(W14="ATRASADA",1,IF(W14="EN PROCESO",2,IF(W14="POR RECIBIR",3,99))) -> 3
A15: CD-86 | B15: Camión Aljibe | C15: Camiones de Ruta | D15: Kenworth | E15: T800 | F15: 2010 | G15: {=IFERROR(INDEX(Lecturas!$E$4:$E$3549,MATCH(1,(Lecturas!$B$4:$B$3549=$A15)*(Lecturas!$E$4:$E$3549<>"")*(Lecturas!$A$4:$A$3549=_xlfn.MAXIFS(Lecturas!$A$4:$A$3549,Lecturas!$B$4:$B$3549,$A15,Lecturas!$E$4:$E$3549,"<>")),0)),"")} -> Quirihue | H15: Nicolas Gutierrez | I15: HORAS | J15: 250 | K15: =IFERROR(IF($I15="KM",ROUND((_xlfn.MAXIFS(tblLecturas[Kilometraje],tblLecturas[Codigo],$A15)-_xlfn.MINIFS(tblLecturas[Kilometraje],tblLecturas[Codigo],$A15))/(MAX(1,_xlfn.MAXIFS(tblLecturas[Fecha],tblLecturas[Codigo],$A15)-_xlfn.MINIFS(tblLecturas[Fecha],tblLecturas[Codigo],$A15))),1),ROUND((_xlfn.MAXIFS(tblLecturas[Horometro],tblLecturas[Codigo],$A15)-_xlfn.MINIFS(tblLecturas[Horometro],tblLecturas[Codigo],$A15))/(MAX(1,_xlfn.MAXIFS(tblLecturas[Fecha],tblLecturas[Codigo],$A15)-_xlfn.MINIFS(tblLecturas[Fecha],tblLecturas[Codigo],$A15))),1)),"") -> 4.6 | L15: =IFERROR(_xlfn.MAXIFS(tblLecturas[Fecha],tblLecturas[Codigo],$A15),"") -> 46072 | M15: =IFERROR(_xlfn.MAXIFS(Lecturas!$C:$C,Lecturas!$B:$B,$A15,Lecturas!$C:$C,">0"),"") -> 6418 | N15: =IFERROR(_xlfn.MAXIFS(tblLecturas[Kilometraje],tblLecturas[Codigo],$A15,tblLecturas[Kilometraje],">0"),"") -> 106761 | O15: {=IFERROR(IF($I15="KM",LOOKUP(2,1/(Lecturas!$B:$B=$A15)/(Lecturas!$D:$D>0),Lecturas!$D:$D),LOOKUP(2,1/(Lecturas!$B:$B=$A15)/(Lecturas!$C:$C>0),Lecturas!$C:$C)),"")} -> 6418 | P15: =IFERROR(_xlfn.MAXIFS(tblMantenciones[Fecha],tblMantenciones[Codigo],tblMaestroEquipos[[#This Row],[Codigo]],tblMantenciones[EsPM],"Sí"),"") -> 0 | Q15: =IF(_xlfn.MAXIFS(Mantenciones!$D:$D,Mantenciones!$B:$B,A15)=0,"Sin datos de mantención registrado",_xlfn.MAXIFS(Mantenciones!$D:$D,Mantenciones!$B:$B,A15)) -> Sin datos de mantención registrado | R15: =IFERROR(IF(_xlfn.MAXIFS(Mantenciones!$D:$D,Mantenciones!$B:$B,$A15,Mantenciones!$E:$E,"Sí",Mantenciones!$D:$D,">0")=0,"Sin datos de mantención registrado",_xlfn.MAXIFS(Mantenciones!$D:$D,Mantenciones!$B:$B,$A15,Mantenciones!$E:$E,"Sí",Mantenciones!$D:$D,">0")),"Sin datos de mantención registrado") -> Sin datos de mantención registrado | S15: =IFERROR(SUMIFS(tblMantenciones[Costo Mantencion CLP],tblMantenciones[Codigo],A15),0) -> 0 | T15: =IFERROR(SUMIFS(tblComprasPM[Costo PM CLP],tblComprasPM[Codigo],tblMaestroEquipos[[#This Row],[Codigo]]),0) -> 288199.96 | U15: =IFERROR(tblMaestroEquipos[[#This Row],[Costo Mantenciones CLP]]+tblMaestroEquipos[[#This Row],[Costo Compras PM CLP]],0) -> 288199.96 | V15: =IFERROR(_xlfn.XLOOKUP(tblMaestroEquipos[[#This Row],[Codigo]],tblEquipos[Codigo],tblEquipos[Estado Base]),"") -> Operativo | W15: =IF(OR(TRIM($V15)="Fuera de Servicio",TRIM($V15)="Fuera de servicio"),"FUERA DE SERVICIO",IF(OR(TRIM($V15)="Taller",TRIM($V15)="En taller",TRIM($V15)="EN TALLER"),"EN TALLER",IF($AD15="PENDIENTE","POR RECIBIR",IF(AND($Z15<>"",$AA15=""),"EN PROCESO",IF(AND(ISNUMBER($X15),$X15<0),"ATRASADA",IF(AND(ISNUMBER($X15),$X15<=30),"PRÓXIMA","AL DÍA")))))) -> POR RECIBIR | X15: =IF(OR(NOT(ISNUMBER(R15)),NOT(ISNUMBER(J15)),NOT(ISNUMBER(O15))),"", (R15+J15)-O15) | Y15: =IFERROR(IF(OR(tblMaestroEquipos[[#This Row],[Estado Operacional]]="FUERA DE SERVICIO",tblMaestroEquipos[[#This Row],[Ultima Fecha Lectura]]="",tblMaestroEquipos[[#This Row],[Dias a Proxima Mantencion]]=""),"",tblMaestroEquipos[[#This Row],[Ultima Fecha Lectura]]+tblMaestroEquipos[[#This Row],[Dias a Proxima Mantencion]]),"") | Z15: =IFERROR(IF(_xlfn.MINIFS(tblComprasPM[Fecha],tblComprasPM[Codigo],tblMaestroEquipos[[#This Row],[Codigo]])=0,"",_xlfn.MINIFS(tblComprasPM[Fecha],tblComprasPM[Codigo],tblMaestroEquipos[[#This Row],[Codigo]])),"") -> 46076.484 | AA15: =IFERROR(IF(_xlfn.MAXIFS(tblBodega[Fecha],tblBodega[Codigo],tblMaestroEquipos[[#This Row],[Codigo]])=0,"",_xlfn.MAXIFS(tblBodega[Fecha],tblBodega[Codigo],tblMaestroEquipos[[#This Row],[Codigo]])),"") -> 46085 | AB15: =IFERROR(IF(OR(tblMaestroEquipos[[#This Row],[Fecha Compra PM]]="",tblMaestroEquipos[[#This Row],[Fecha Compra PM]]=0),"",IF(OR(tblMaestroEquipos[[#This Row],[Ultima Fecha PM]]="",tblMaestroEquipos[[#This Row],[Ultima Fecha PM]]=0),MAX(0,INT(TODAY())-INT(tblMaestroEquipos[[#This Row],[Fecha Compra PM]])),MAX(0,INT(tblMaestroEquipos[[#This Row],[Ultima Fecha PM]])-INT(tblMaestroEquipos[[#This Row],[Fecha Compra PM]])))),"") -> 69 | AC15: =IFERROR(IF(OR(tblMaestroEquipos[[#This Row],[Fecha Salida Bodega]]="",tblMaestroEquipos[[#This Row],[Fecha Salida Bodega]]=0),"",IF(OR(tblMaestroEquipos[[#This Row],[Ultima Fecha PM]]="",tblMaestroEquipos[[#This Row],[Ultima Fecha PM]]=0),MAX(0,INT(TODAY())-INT(tblMaestroEquipos[[#This Row],[Fecha Salida Bodega]])),MAX(0,INT(tblMaestroEquipos[[#This Row],[Ultima Fecha PM]])-INT(tblMaestroEquipos[[#This Row],[Fecha Salida Bodega]])))),"") -> 60 | AD15: =IF(tblMaestroEquipos[[#This Row],[Fecha Salida Bodega]]="","SIN SALIDA BODEGA",IF(OR(tblMaestroEquipos[[#This Row],[Ultima Fecha PM]]="",tblMaestroEquipos[[#This Row],[Ultima Fecha PM]]<tblMaestroEquipos[[#This Row],[Fecha Salida Bodega]]),"PENDIENTE","CERRADO")) -> PENDIENTE | AE15: =IF(TRIM(V15)="Fuera de servicio","FUERA DE SERVICIO", IF(OR(TRIM(V15)="Taller",TRIM(V15)="En taller"),"EN TALLER", IF(W15="ATRASADO","ATRASADO", IF(W15="EN PROCESO","EN PROCESO", IF(W15="PRÓXIMO","PRÓXIMO", "OPERATIVO"))))) -> OPERATIVO | AF15: =IF($AE15="ATRASADA",IF($X15<=-15,"CRÍTICA","ALTA"),IF($AE15="PRÓXIMA","MEDIA",IF(OR($AE15="EN PROCESO",$AE15="POR RECIBIR"),"SEGUIMIENTO",IF($AE15="FUERA DE SERVICIO","NO APLICA","BAJA")))) -> BAJA | AG15: =IF($AE15="FUERA DE SERVICIO","No programar compra",IF($AE15="CERRADO","Cerrar ciclo y preparar siguiente PM",IF($AE15="EN PROCESO","Hacer seguimiento al taller y cerrar report",IF($AE15="POR RECIBIR","Acelerar recepción de repuestos",IF($AE15="ATRASADA","Comprar kit PM y coordinar ejecución",IF($AE15="PRÓXIMA","Planificar compra preventiva","Monitorear próximo vencimiento")))))) -> Monitorear próximo vencimiento | AH15: =IF(AND(OR($AE15="ATRASADA",$AE15="PRÓXIMA"),$Z15="",$AA15=""),1,0) -> 0 | AI15: =IF(OR($AH15=0,$Y15=""),"",SUMPRODUCT(($AH$4:$AH$247=1)*(($Y$4:$Y$247<$Y15)+(($Y$4:$Y$247=$Y15)*(ROW($Y$4:$Y$247)<=ROW()))))) | AJ15: =IF(W15="ATRASADA",1,IF(W15="EN PROCESO",2,IF(W15="POR RECIBIR",3,99))) -> 3
A16: CD-115 | B16: Tracto Camión | C16: Camiones de Ruta | D16: Mercedes Benz | E16: LS 1634 45 | F16: 2011 | G16: {=IFERROR(INDEX(Lecturas!$E$4:$E$3549,MATCH(1,(Lecturas!$B$4:$B$3549=$A16)*(Lecturas!$E$4:$E$3549<>"")*(Lecturas!$A$4:$A$3549=_xlfn.MAXIFS(Lecturas!$A$4:$A$3549,Lecturas!$B$4:$B$3549,$A16,Lecturas!$E$4:$E$3549,"<>")),0)),"")} -> Taller | H16: Manuel Pacheco | I16: HORAS | J16: 250 | K16: =IFERROR(IF($I16="KM",ROUND((_xlfn.MAXIFS(tblLecturas[Kilometraje],tblLecturas[Codigo],$A16)-_xlfn.MINIFS(tblLecturas[Kilometraje],tblLecturas[Codigo],$A16))/(MAX(1,_xlfn.MAXIFS(tblLecturas[Fecha],tblLecturas[Codigo],$A16)-_xlfn.MINIFS(tblLecturas[Fecha],tblLecturas[Codigo],$A16))),1),ROUND((_xlfn.MAXIFS(tblLecturas[Horometro],tblLecturas[Codigo],$A16)-_xlfn.MINIFS(tblLecturas[Horometro],tblLecturas[Codigo],$A16))/(MAX(1,_xlfn.MAXIFS(tblLecturas[Fecha],tblLecturas[Codigo],$A16)-_xlfn.MINIFS(tblLecturas[Fecha],tblLecturas[Codigo],$A16))),1)),"") -> 0 | L16: =IFERROR(_xlfn.MAXIFS(tblLecturas[Fecha],tblLecturas[Codigo],$A16),"") -> 46064 | M16: =IFERROR(_xlfn.MAXIFS(Lecturas!$C:$C,Lecturas!$B:$B,$A16,Lecturas!$C:$C,">0"),"") -> 320119 | N16: =IFERROR(_xlfn.MAXIFS(tblLecturas[Kilometraje],tblLecturas[Codigo],$A16,tblLecturas[Kilometraje],">0"),"") -> 340286 | O16: {=IFERROR(IF($I16="KM",LOOKUP(2,1/(Lecturas!$B:$B=$A16)/(Lecturas!$D:$D>0),Lecturas!$D:$D),LOOKUP(2,1/(Lecturas!$B:$B=$A16)/(Lecturas!$C:$C>0),Lecturas!$C:$C)),"")} -> 320119 | P16: =IFERROR(_xlfn.MAXIFS(tblMantenciones[Fecha],tblMantenciones[Codigo],tblMaestroEquipos[[#This Row],[Codigo]],tblMantenciones[EsPM],"Sí"),"") -> 0 | Q16: =IF(_xlfn.MAXIFS(Mantenciones!$D:$D,Mantenciones!$B:$B,A16)=0,"Sin datos de mantención registrado",_xlfn.MAXIFS(Mantenciones!$D:$D,Mantenciones!$B:$B,A16)) -> Sin datos de mantención registrado | R16: =IFERROR(IF(_xlfn.MAXIFS(Mantenciones!$D:$D,Mantenciones!$B:$B,$A16,Mantenciones!$E:$E,"Sí",Mantenciones!$D:$D,">0")=0,"Sin datos de mantención registrado",_xlfn.MAXIFS(Mantenciones!$D:$D,Mantenciones!$B:$B,$A16,Mantenciones!$E:$E,"Sí",Mantenciones!$D:$D,">0")),"Sin datos de mantención registrado") -> Sin datos de mantención registrado | S16: =IFERROR(SUMIFS(tblMantenciones[Costo Mantencion CLP],tblMantenciones[Codigo],A16),0) -> 0 | T16: =IFERROR(SUMIFS(tblComprasPM[Costo PM CLP],tblComprasPM[Codigo],tblMaestroEquipos[[#This Row],[Codigo]]),0) -> 121145.57 | U16: =IFERROR(tblMaestroEquipos[[#This Row],[Costo Mantenciones CLP]]+tblMaestroEquipos[[#This Row],[Costo Compras PM CLP]],0) -> 121145.57 | V16: =IFERROR(_xlfn.XLOOKUP(tblMaestroEquipos[[#This Row],[Codigo]],tblEquipos[Codigo],tblEquipos[Estado Base]),"") -> Operativo | W16: =IF(OR(TRIM($V16)="Fuera de Servicio",TRIM($V16)="Fuera de servicio"),"FUERA DE SERVICIO",IF(OR(TRIM($V16)="Taller",TRIM($V16)="En taller",TRIM($V16)="EN TALLER"),"EN TALLER",IF($AD16="PENDIENTE","POR RECIBIR",IF(AND($Z16<>"",$AA16=""),"EN PROCESO",IF(AND(ISNUMBER($X16),$X16<0),"ATRASADA",IF(AND(ISNUMBER($X16),$X16<=30),"PRÓXIMA","AL DÍA")))))) -> POR RECIBIR | X16: =IF(OR(NOT(ISNUMBER(R16)),NOT(ISNUMBER(J16)),NOT(ISNUMBER(O16))),"", (R16+J16)-O16) | Y16: =IFERROR(IF(OR(tblMaestroEquipos[[#This Row],[Estado Operacional]]="FUERA DE SERVICIO",tblMaestroEquipos[[#This Row],[Ultima Fecha Lectura]]="",tblMaestroEquipos[[#This Row],[Dias a Proxima Mantencion]]=""),"",tblMaestroEquipos[[#This Row],[Ultima Fecha Lectura]]+tblMaestroEquipos[[#This Row],[Dias a Proxima Mantencion]]),"") | Z16: =IFERROR(IF(_xlfn.MINIFS(tblComprasPM[Fecha],tblComprasPM[Codigo],tblMaestroEquipos[[#This Row],[Codigo]])=0,"",_xlfn.MINIFS(tblComprasPM[Fecha],tblComprasPM[Codigo],tblMaestroEquipos[[#This Row],[Codigo]])),"") -> 46100 | AA16: =IFERROR(IF(_xlfn.MAXIFS(tblBodega[Fecha],tblBodega[Codigo],tblMaestroEquipos[[#This Row],[Codigo]])=0,"",_xlfn.MAXIFS(tblBodega[Fecha],tblBodega[Codigo],tblMaestroEquipos[[#This Row],[Codigo]])),"") -> 46062 | AB16: =IFERROR(IF(OR(tblMaestroEquipos[[#This Row],[Fecha Compra PM]]="",tblMaestroEquipos[[#This Row],[Fecha Compra PM]]=0),"",IF(OR(tblMaestroEquipos[[#This Row],[Ultima Fecha PM]]="",tblMaestroEquipos[[#This Row],[Ultima Fecha PM]]=0),MAX(0,INT(TODAY())-INT(tblMaestroEquipos[[#This Row],[Fecha Compra PM]])),MAX(0,INT(tblMaestroEquipos[[#This Row],[Ultima Fecha PM]])-INT(tblMaestroEquipos[[#This Row],[Fecha Compra PM]])))),"") -> 45 | AC16: =IFERROR(IF(OR(tblMaestroEquipos[[#This Row],[Fecha Salida Bodega]]="",tblMaestroEquipos[[#This Row],[Fecha Salida Bodega]]=0),"",IF(OR(tblMaestroEquipos[[#This Row],[Ultima Fecha PM]]="",tblMaestroEquipos[[#This Row],[Ultima Fecha PM]]=0),MAX(0,INT(TODAY())-INT(tblMaestroEquipos[[#This Row],[Fecha Salida Bodega]])),MAX(0,INT(tblMaestroEquipos[[#This Row],[Ultima Fecha PM]])-INT(tblMaestroEquipos[[#This Row],[Fecha Salida Bodega]])))),"") -> 83 | AD16: =IF(tblMaestroEquipos[[#This Row],[Fecha Salida Bodega]]="","SIN SALIDA BODEGA",IF(OR(tblMaestroEquipos[[#This Row],[Ultima Fecha PM]]="",tblMaestroEquipos[[#This Row],[Ultima Fecha PM]]<tblMaestroEquipos[[#This Row],[Fecha Salida Bodega]]),"PENDIENTE","CERRADO")) -> PENDIENTE | AE16: =IF(TRIM(V16)="Fuera de servicio","FUERA DE SERVICIO", IF(OR(TRIM(V16)="Taller",TRIM(V16)="En taller"),"EN TALLER", IF(W16="ATRASADO","ATRASADO", IF(W16="EN PROCESO","EN PROCESO", IF(W16="PRÓXIMO","PRÓXIMO", "OPERATIVO"))))) -> OPERATIVO | AF16: =IF($AE16="ATRASADA",IF($X16<=-15,"CRÍTICA","ALTA"),IF($AE16="PRÓXIMA","MEDIA",IF(OR($AE16="EN PROCESO",$AE16="POR RECIBIR"),"SEGUIMIENTO",IF($AE16="FUERA DE SERVICIO","NO APLICA","BAJA")))) -> BAJA | AG16: =IF($AE16="FUERA DE SERVICIO","No programar compra",IF($AE16="CERRADO","Cerrar ciclo y preparar siguiente PM",IF($AE16="EN PROCESO","Hacer seguimiento al taller y cerrar report",IF($AE16="POR RECIBIR","Acelerar recepción de repuestos",IF($AE16="ATRASADA","Comprar kit PM y coordinar ejecución",IF($AE16="PRÓXIMA","Planificar compra preventiva","Monitorear próximo vencimiento")))))) -> Monitorear próximo vencimiento | AH16: =IF(AND(OR($AE16="ATRASADA",$AE16="PRÓXIMA"),$Z16="",$AA16=""),1,0) -> 0 | AI16: =IF(OR($AH16=0,$Y16=""),"",SUMPRODUCT(($AH$4:$AH$247=1)*(($Y$4:$Y$247<$Y16)+(($Y$4:$Y$247=$Y16)*(ROW($Y$4:$Y$247)<=ROW()))))) | AJ16: =IF(W16="ATRASADA",1,IF(W16="EN PROCESO",2,IF(W16="POR RECIBIR",3,99))) -> 3
A17: CD-68 | B17: Camión Aljibe | C17: Camiones de Ruta | D17: Mack | E17: GU 813 | F17: 2008 | G17: {=IFERROR(INDEX(Lecturas!$E$4:$E$3549,MATCH(1,(Lecturas!$B$4:$B$3549=$A17)*(Lecturas!$E$4:$E$3549<>"")*(Lecturas!$A$4:$A$3549=_xlfn.MAXIFS(Lecturas!$A$4:$A$3549,Lecturas!$B$4:$B$3549,$A17,Lecturas!$E$4:$E$3549,"<>")),0)),"")} -> San Carlos | H17: Jonatan Orellana | I17: HORAS | J17: 250 | K17: =IFERROR(IF($I17="KM",ROUND((_xlfn.MAXIFS(tblLecturas[Kilometraje],tblLecturas[Codigo],$A17)-_xlfn.MINIFS(tblLecturas[Kilometraje],tblLecturas[Codigo],$A17))/(MAX(1,_xlfn.MAXIFS(tblLecturas[Fecha],tblLecturas[Codigo],$A17)-_xlfn.MINIFS(tblLecturas[Fecha],tblLecturas[Codigo],$A17))),1),ROUND((_xlfn.MAXIFS(tblLecturas[Horometro],tblLecturas[Codigo],$A17)-_xlfn.MINIFS(tblLecturas[Horometro],tblLecturas[Codigo],$A17))/(MAX(1,_xlfn.MAXIFS(tblLecturas[Fecha],tblLecturas[Codigo],$A17)-_xlfn.MINIFS(tblLecturas[Fecha],tblLecturas[Codigo],$A17))),1)),"") -> 0 | L17: =IFERROR(_xlfn.MAXIFS(tblLecturas[Fecha],tblLecturas[Codigo],$A17),"") -> 46108 | M17: =IFERROR(_xlfn.MAXIFS(Lecturas!$C:$C,Lecturas!$B:$B,$A17,Lecturas!$C:$C,">0"),"") -> 481560 | N17: =IFERROR(_xlfn.MAXIFS(tblLecturas[Kilometraje],tblLecturas[Codigo],$A17,tblLecturas[Kilometraje],">0"),"") -> 261307 | O17: {=IFERROR(IF($I17="KM",LOOKUP(2,1/(Lecturas!$B:$B=$A17)/(Lecturas!$D:$D>0),Lecturas!$D:$D),LOOKUP(2,1/(Lecturas!$B:$B=$A17)/(Lecturas!$C:$C>0),Lecturas!$C:$C)),"")} -> 481560 | P17: =IFERROR(_xlfn.MAXIFS(tblMantenciones[Fecha],tblMantenciones[Codigo],tblMaestroEquipos[[#This Row],[Codigo]],tblMantenciones[EsPM],"Sí"),"") -> 0 | Q17: =IF(_xlfn.MAXIFS(Mantenciones!$D:$D,Mantenciones!$B:$B,A17)=0,"Sin datos de mantención registrado",_xlfn.MAXIFS(Mantenciones!$D:$D,Mantenciones!$B:$B,A17)) -> Sin datos de mantención registrado | R17: =IFERROR(IF(_xlfn.MAXIFS(Mantenciones!$D:$D,Mantenciones!$B:$B,$A17,Mantenciones!$E:$E,"Sí",Mantenciones!$D:$D,">0")=0,"Sin datos de mantención registrado",_xlfn.MAXIFS(Mantenciones!$D:$D,Mantenciones!$B:$B,$A17,Mantenciones!$E:$E,"Sí",Mantenciones!$D:$D,">0")),"Sin datos de mantención registrado") -> Sin datos de mantención registrado | S17: =IFERROR(SUMIFS(tblMantenciones[Costo Mantencion CLP],tblMantenciones[Codigo],A17),0) -> 0 | T17: =IFERROR(SUMIFS(tblComprasPM[Costo PM CLP],tblComprasPM[Codigo],tblMaestroEquipos[[#This Row],[Codigo]]),0) -> 381399.96 | U17: =IFERROR(tblMaestroEquipos[[#This Row],[Costo Mantenciones CLP]]+tblMaestroEquipos[[#This Row],[Costo Compras PM CLP]],0) -> 381399.96 | V17: =IFERROR(_xlfn.XLOOKUP(tblMaestroEquipos[[#This Row],[Codigo]],tblEquipos[Codigo],tblEquipos[Estado Base]),"") -> Operativo | W17: =IF(OR(TRIM($V17)="Fuera de Servicio",TRIM($V17)="Fuera de servicio"),"FUERA DE SERVICIO",IF(OR(TRIM($V17)="Taller",TRIM($V17)="En taller",TRIM($V17)="EN TALLER"),"EN TALLER",IF($AD17="PENDIENTE","POR RECIBIR",IF(AND($Z17<>"",$AA17=""),"EN PROCESO",IF(AND(ISNUMBER($X17),$X17<0),"ATRASADA",IF(AND(ISNUMBER($X17),$X17<=30),"PRÓXIMA","AL DÍA")))))) -> EN PROCESO | X17: =IF(OR(NOT(ISNUMBER(R17)),NOT(ISNUMBER(J17)),NOT(ISNUMBER(O17))),"", (R17+J17)-O17) | Y17: =IFERROR(IF(OR(tblMaestroEquipos[[#This Row],[Estado Operacional]]="FUERA DE SERVICIO",tblMaestroEquipos[[#This Row],[Ultima Fecha Lectura]]="",tblMaestroEquipos[[#This Row],[Dias a Proxima Mantencion]]=""),"",tblMaestroEquipos[[#This Row],[Ultima Fecha Lectura]]+tblMaestroEquipos[[#This Row],[Dias a Proxima Mantencion]]),"") | Z17: =IFERROR(IF(_xlfn.MINIFS(tblComprasPM[Fecha],tblComprasPM[Codigo],tblMaestroEquipos[[#This Row],[Codigo]])=0,"",_xlfn.MINIFS(tblComprasPM[Fecha],tblComprasPM[Codigo],tblMaestroEquipos[[#This Row],[Codigo]])),"") -> 46104.621 | AA17: =IFERROR(IF(_xlfn.MAXIFS(tblBodega[Fecha],tblBodega[Codigo],tblMaestroEquipos[[#This Row],[Codigo]])=0,"",_xlfn.MAXIFS(tblBodega[Fecha],tblBodega[Codigo],tblMaestroEquipos[[#This Row],[Codigo]])),"") | AB17: =IFERROR(IF(OR(tblMaestroEquipos[[#This Row],[Fecha Compra PM]]="",tblMaestroEquipos[[#This Row],[Fecha Compra PM]]=0),"",IF(OR(tblMaestroEquipos[[#This Row],[Ultima Fecha PM]]="",tblMaestroEquipos[[#This Row],[Ultima Fecha PM]]=0),MAX(0,INT(TODAY())-INT(tblMaestroEquipos[[#This Row],[Fecha Compra PM]])),MAX(0,INT(tblMaestroEquipos[[#This Row],[Ultima Fecha PM]])-INT(tblMaestroEquipos[[#This Row],[Fecha Compra PM]])))),"") -> 41 | AC17: =IFERROR(IF(OR(tblMaestroEquipos[[#This Row],[Fecha Salida Bodega]]="",tblMaestroEquipos[[#This Row],[Fecha Salida Bodega]]=0),"",IF(OR(tblMaestroEquipos[[#This Row],[Ultima Fecha PM]]="",tblMaestroEquipos[[#This Row],[Ultima Fecha PM]]=0),MAX(0,INT(TODAY())-INT(tblMaestroEquipos[[#This Row],[Fecha Salida Bodega]])),MAX(0,INT(tblMaestroEquipos[[#This Row],[Ultima Fecha PM]])-INT(tblMaestroEquipos[[#This Row],[Fecha Salida Bodega]])))),"") | AD17: =IF(tblMaestroEquipos[[#This Row],[Fecha Salida Bodega]]="","SIN SALIDA BODEGA",IF(OR(tblMaestroEquipos[[#This Row],[Ultima Fecha PM]]="",tblMaestroEquipos[[#This Row],[Ultima Fecha PM]]<tblMaestroEquipos[[#This Row],[Fecha Salida Bodega]]),"PENDIENTE","CERRADO")) -> SIN SALIDA BODEGA | AE17: =IF(TRIM(V17)="Fuera de servicio","FUERA DE SERVICIO", IF(OR(TRIM(V17)="Taller",TRIM(V17)="En taller"),"EN TALLER", IF(W17="ATRASADO","ATRASADO", IF(W17="EN PROCESO","EN PROCESO", IF(W17="PRÓXIMO","PRÓXIMO", "OPERATIVO"))))) -> EN PROCESO | AF17: =IF($AE17="ATRASADA",IF($X17<=-15,"CRÍTICA","ALTA"),IF($AE17="PRÓXIMA","MEDIA",IF(OR($AE17="EN PROCESO",$AE17="POR RECIBIR"),"SEGUIMIENTO",IF($AE17="FUERA DE SERVICIO","NO APLICA","BAJA")))) -> SEGUIMIENTO | AG17: =IF($AE17="FUERA DE SERVICIO","No programar compra",IF($AE17="CERRADO","Cerrar ciclo y preparar siguiente PM",IF($AE17="EN PROCESO","Hacer seguimiento al taller y cerrar report",IF($AE17="POR RECIBIR","Acelerar recepción de repuestos",IF($AE17="ATRASADA","Comprar kit PM y coordinar ejecución",IF($AE17="PRÓXIMA","Planificar compra preventiva","Monitorear próximo vencimiento")))))) -> Hacer seguimiento al taller y cerrar report | AH17: =IF(AND(OR($AE17="ATRASADA",$AE17="PRÓXIMA"),$Z17="",$AA17=""),1,0) -> 0 | AI17: =IF(OR($AH17=0,$Y17=""),"",SUMPRODUCT(($AH$4:$AH$247=1)*(($Y$4:$Y$247<$Y17)+(($Y$4:$Y$247=$Y17)*(ROW($Y$4:$Y$247)<=ROW()))))) | AJ17: =IF(W17="ATRASADA",1,IF(W17="EN PROCESO",2,IF(W17="POR RECIBIR",3,99))) -> 2
A18: CD-92 | B18: Camión Combustible | C18: Camiones de Ruta | D18: Hino | E18: XZU423L | F18: 2011 | G18: {=IFERROR(INDEX(Lecturas!$E$4:$E$3549,MATCH(1,(Lecturas!$B$4:$B$3549=$A18)*(Lecturas!$E$4:$E$3549<>"")*(Lecturas!$A$4:$A$3549=_xlfn.MAXIFS(Lecturas!$A$4:$A$3549,Lecturas!$B$4:$B$3549,$A18,Lecturas!$E$4:$E$3549,"<>")),0)),"")} | H18: Orlando Sanchez | I18: HORAS | J18: 250 | K18: =IFERROR(IF($I18="KM",ROUND((_xlfn.MAXIFS(tblLecturas[Kilometraje],tblLecturas[Codigo],$A18)-_xlfn.MINIFS(tblLecturas[Kilometraje],tblLecturas[Codigo],$A18))/(MAX(1,_xlfn.MAXIFS(tblLecturas[Fecha],tblLecturas[Codigo],$A18)-_xlfn.MINIFS(tblLecturas[Fecha],tblLecturas[Codigo],$A18))),1),ROUND((_xlfn.MAXIFS(tblLecturas[Horometro],tblLecturas[Codigo],$A18)-_xlfn.MINIFS(tblLecturas[Horometro],tblLecturas[Codigo],$A18))/(MAX(1,_xlfn.MAXIFS(tblLecturas[Fecha],tblLecturas[Codigo],$A18)-_xlfn.MINIFS(tblLecturas[Fecha],tblLecturas[Codigo],$A18))),1)),"") -> 0 | L18: =IFERROR(_xlfn.MAXIFS(tblLecturas[Fecha],tblLecturas[Codigo],$A18),"") -> 46056 | M18: =IFERROR(_xlfn.MAXIFS(Lecturas!$C:$C,Lecturas!$B:$B,$A18,Lecturas!$C:$C,">0"),"") -> 0 | N18: =IFERROR(_xlfn.MAXIFS(tblLecturas[Kilometraje],tblLecturas[Codigo],$A18,tblLecturas[Kilometraje],">0"),"") -> 87289 | O18: {=IFERROR(IF($I18="KM",LOOKUP(2,1/(Lecturas!$B:$B=$A18)/(Lecturas!$D:$D>0),Lecturas!$D:$D),LOOKUP(2,1/(Lecturas!$B:$B=$A18)/(Lecturas!$C:$C>0),Lecturas!$C:$C)),"")} | P18: =IFERROR(_xlfn.MAXIFS(tblMantenciones[Fecha],tblMantenciones[Codigo],tblMaestroEquipos[[#This Row],[Codigo]],tblMantenciones[EsPM],"Sí"),"") -> 0 | Q18: =IF(_xlfn.MAXIFS(Mantenciones!$D:$D,Mantenciones!$B:$B,A18)=0,"Sin datos de mantención registrado",_xlfn.MAXIFS(Mantenciones!$D:$D,Mantenciones!$B:$B,A18)) -> Sin datos de mantención registrado | R18: =IFERROR(IF(_xlfn.MAXIFS(Mantenciones!$D:$D,Mantenciones!$B:$B,$A18,Mantenciones!$E:$E,"Sí",Mantenciones!$D:$D,">0")=0,"Sin datos de mantención registrado",_xlfn.MAXIFS(Mantenciones!$D:$D,Mantenciones!$B:$B,$A18,Mantenciones!$E:$E,"Sí",Mantenciones!$D:$D,">0")),"Sin datos de mantención registrado") -> Sin datos de mantención registrado | S18: =IFERROR(SUMIFS(tblMantenciones[Costo Mantencion CLP],tblMantenciones[Codigo],A18),0) -> 0 | T18: =IFERROR(SUMIFS(tblComprasPM[Costo PM CLP],tblComprasPM[Codigo],tblMaestroEquipos[[#This Row],[Codigo]]),0) -> 170432.99 | U18: =IFERROR(tblMaestroEquipos[[#This Row],[Costo Mantenciones CLP]]+tblMaestroEquipos[[#This Row],[Costo Compras PM CLP]],0) -> 170432.99 | V18: =IFERROR(_xlfn.XLOOKUP(tblMaestroEquipos[[#This Row],[Codigo]],tblEquipos[Codigo],tblEquipos[Estado Base]),"") -> Fuera de Servicio | W18: =IF(OR(TRIM($V18)="Fuera de Servicio",TRIM($V18)="Fuera de servicio"),"FUERA DE SERVICIO",IF(OR(TRIM($V18)="Taller",TRIM($V18)="En taller",TRIM($V18)="EN TALLER"),"EN TALLER",IF($AD18="PENDIENTE","POR RECIBIR",IF(AND($Z18<>"",$AA18=""),"EN PROCESO",IF(AND(ISNUMBER($X18),$X18<0),"ATRASADA",IF(AND(ISNUMBER($X18),$X18<=30),"PRÓXIMA","AL DÍA")))))) -> FUERA DE SERVICIO | X18: =IF(OR(NOT(ISNUMBER(R18)),NOT(ISNUMBER(J18)),NOT(ISNUMBER(O18))),"", (R18+J18)-O18) | Y18: =IFERROR(IF(OR(tblMaestroEquipos[[#This Row],[Estado Operacional]]="FUERA DE SERVICIO",tblMaestroEquipos[[#This Row],[Ultima Fecha Lectura]]="",tblMaestroEquipos[[#This Row],[Dias a Proxima Mantencion]]=""),"",tblMaestroEquipos[[#This Row],[Ultima Fecha Lectura]]+tblMaestroEquipos[[#This Row],[Dias a Proxima Mantencion]]),"") | Z18: =IFERROR(IF(_xlfn.MINIFS(tblComprasPM[Fecha],tblComprasPM[Codigo],tblMaestroEquipos[[#This Row],[Codigo]])=0,"",_xlfn.MINIFS(tblComprasPM[Fecha],tblComprasPM[Codigo],tblMaestroEquipos[[#This Row],[Codigo]])),"") -> 46093.649 | AA18: =IFERROR(IF(_xlfn.MAXIFS(tblBodega[Fecha],tblBodega[Codigo],tblMaestroEquipos[[#This Row],[Codigo]])=0,"",_xlfn.MAXIFS(tblBodega[Fecha],tblBodega[Codigo],tblMaestroEquipos[[#This Row],[Codigo]])),"") | AB18: =IFERROR(IF(OR(tblMaestroEquipos[[#This Row],[Fecha Compra PM]]="",tblMaestroEquipos[[#This Row],[Fecha Compra PM]]=0),"",IF(OR(tblMaestroEquipos[[#This Row],[Ultima Fecha PM]]="",tblMaestroEquipos[[#This Row],[Ultima Fecha PM]]=0),MAX(0,INT(TODAY())-INT(tblMaestroEquipos[[#This Row],[Fecha Compra PM]])),MAX(0,INT(tblMaestroEquipos[[#This Row],[Ultima Fecha PM]])-INT(tblMaestroEquipos[[#This Row],[Fecha Compra PM]])))),"") -> 52 | AC18: =IFERROR(IF(OR(tblMaestroEquipos[[#This Row],[Fecha Salida Bodega]]="",tblMaestroEquipos[[#This Row],[Fecha Salida Bodega]]=0),"",IF(OR(tblMaestroEquipos[[#This Row],[Ultima Fecha PM]]="",tblMaestroEquipos[[#This Row],[Ultima Fecha PM]]=0),MAX(0,INT(TODAY())-INT(tblMaestroEquipos[[#This Row],[Fecha Salida Bodega]])),MAX(0,INT(tblMaestroEquipos[[#This Row],[Ultima Fecha PM]])-INT(tblMaestroEquipos[[#This Row],[Fecha Salida Bodega]])))),"") | AD18: =IF(tblMaestroEquipos[[#This Row],[Fecha Salida Bodega]]="","SIN SALIDA BODEGA",IF(OR(tblMaestroEquipos[[#This Row],[Ultima Fecha PM]]="",tblMaestroEquipos[[#This Row],[Ultima Fecha PM]]<tblMaestroEquipos[[#This Row],[Fecha Salida Bodega]]),"PENDIENTE","CERRADO")) -> SIN SALIDA BODEGA | AE18: =IF(TRIM(V18)="Fuera de servicio","FUERA DE SERVICIO", IF(OR(TRIM(V18)="Taller",TRIM(V18)="En taller"),"EN TALLER", IF(W18="ATRASADO","ATRASADO", IF(W18="EN PROCESO","EN PROCESO", IF(W18="PRÓXIMO","PRÓXIMO", "OPERATIVO"))))) -> FUERA DE SERVICIO | AF18: =IF($AE18="ATRASADA",IF($X18<=-15,"CRÍTICA","ALTA"),IF($AE18="PRÓXIMA","MEDIA",IF(OR($AE18="EN PROCESO",$AE18="POR RECIBIR"),"SEGUIMIENTO",IF($AE18="FUERA DE SERVICIO","NO APLICA","BAJA")))) -> NO APLICA | AG18: =IF($AE18="FUERA DE SERVICIO","No programar compra",IF($AE18="CERRADO","Cerrar ciclo y preparar siguiente PM",IF($AE18="EN PROCESO","Hacer seguimiento al taller y cerrar report",IF($AE18="POR RECIBIR","Acelerar recepción de repuestos",IF($AE18="ATRASADA","Comprar kit PM y coordinar ejecución",IF($AE18="PRÓXIMA","Planificar compra preventiva","Monitorear próximo vencimiento")))))) -> No programar compra | AH18: =IF(AND(OR($AE18="ATRASADA",$AE18="PRÓXIMA"),$Z18="",$AA18=""),1,0) -> 0 | AI18: =IF(OR($AH18=0,$Y18=""),"",SUMPRODUCT(($AH$4:$AH$247=1)*(($Y$4:$Y$247<$Y18)+(($Y$4:$Y$247=$Y18)*(ROW($Y$4:$Y$247)<=ROW()))))) | AJ18: =IF(W18="ATRASADA",1,IF(W18="EN PROCESO",2,IF(W18="POR RECIBIR",3,99))) -> 99
A19: CD-113 | B19: Camión Imprimador | C19: Camiones de Ruta | D19: Volkswagen | E19: 17180M | F19: 2011 | G19: {=IFERROR(INDEX(Lecturas!$E$4:$E$3549,MATCH(1,(Lecturas!$B$4:$B$3549=$A19)*(Lecturas!$E$4:$E$3549<>"")*(Lecturas!$A$4:$A$3549=_xlfn.MAXIFS(Lecturas!$A$4:$A$3549,Lecturas!$B$4:$B$3549,$A19,Lecturas!$E$4:$E$3549,"<>")),0)),"")} | H19: Nector Muñoz | I19: HORAS | J19: 250 | K19: =IFERROR(IF($I19="KM",ROUND((_xlfn.MAXIFS(tblLecturas[Kilometraje],tblLecturas[Codigo],$A19)-_xlfn.MINIFS(tblLecturas[Kilometraje],tblLecturas[Codigo],$A19))/(MAX(1,_xlfn.MAXIFS(tblLecturas[Fecha],tblLecturas[Codigo],$A19)-_xlfn.MINIFS(tblLecturas[Fecha],tblLecturas[Codigo],$A19))),1),ROUND((_xlfn.MAXIFS(tblLecturas[Horometro],tblLecturas[Codigo],$A19)-_xlfn.MINIFS(tblLecturas[Horometro],tblLecturas[Codigo],$A19))/(MAX(1,_xlfn.MAXIFS(tblLecturas[Fecha],tblLecturas[Codigo],$A19)-_xlfn.MINIFS(tblLecturas[Fecha],tblLecturas[Codigo],$A19))),1)),"") -> 0 | L19: =IFERROR(_xlfn.MAXIFS(tblLecturas[Fecha],tblLecturas[Codigo],$A19),"") -> 46050 | M19: =IFERROR(_xlfn.MAXIFS(Lecturas!$C:$C,Lecturas!$B:$B,$A19,Lecturas!$C:$C,">0"),"") -> 0 | N19: =IFERROR(_xlfn.MAXIFS(tblLecturas[Kilometraje],tblLecturas[Codigo],$A19,tblLecturas[Kilometraje],">0"),"") -> 802920 | O19: {=IFERROR(IF($I19="KM",LOOKUP(2,1/(Lecturas!$B:$B=$A19)/(Lecturas!$D:$D>0),Lecturas!$D:$D),LOOKUP(2,1/(Lecturas!$B:$B=$A19)/(Lecturas!$C:$C>0),Lecturas!$C:$C)),"")} | P19: =IFERROR(_xlfn.MAXIFS(tblMantenciones[Fecha],tblMantenciones[Codigo],tblMaestroEquipos[[#This Row],[Codigo]],tblMantenciones[EsPM],"Sí"),"") -> 0 | Q19: =IF(_xlfn.MAXIFS(Mantenciones!$D:$D,Mantenciones!$B:$B,A19)=0,"Sin datos de mantención registrado",_xlfn.MAXIFS(Mantenciones!$D:$D,Mantenciones!$B:$B,A19)) -> Sin datos de mantención registrado | R19: =IFERROR(IF(_xlfn.MAXIFS(Mantenciones!$D:$D,Mantenciones!$B:$B,$A19,Mantenciones!$E:$E,"Sí",Mantenciones!$D:$D,">0")=0,"Sin datos de mantención registrado",_xlfn.MAXIFS(Mantenciones!$D:$D,Mantenciones!$B:$B,$A19,Mantenciones!$E:$E,"Sí",Mantenciones!$D:$D,">0")),"Sin datos de mantención registrado") -> Sin datos de mantención registrado | S19: =IFERROR(SUMIFS(tblMantenciones[Costo Mantencion CLP],tblMantenciones[Codigo],A19),0) -> 0 | T19: =IFERROR(SUMIFS(tblComprasPM[Costo PM CLP],tblComprasPM[Codigo],tblMaestroEquipos[[#This Row],[Codigo]]),0) -> 106000.4 | U19: =IFERROR(tblMaestroEquipos[[#This Row],[Costo Mantenciones CLP]]+tblMaestroEquipos[[#This Row],[Costo Compras PM CLP]],0) -> 106000.4 | V19: =IFERROR(_xlfn.XLOOKUP(tblMaestroEquipos[[#This Row],[Codigo]],tblEquipos[Codigo],tblEquipos[Estado Base]),"") -> Operativo | W19: =IF(OR(TRIM($V19)="Fuera de Servicio",TRIM($V19)="Fuera de servicio"),"FUERA DE SERVICIO",IF(OR(TRIM($V19)="Taller",TRIM($V19)="En taller",TRIM($V19)="EN TALLER"),"EN TALLER",IF($AD19="PENDIENTE","POR RECIBIR",IF(AND($Z19<>"",$AA19=""),"EN PROCESO",IF(AND(ISNUMBER($X19),$X19<0),"ATRASADA",IF(AND(ISNUMBER($X19),$X19<=30),"PRÓXIMA","AL DÍA")))))) -> EN PROCESO | X19: =IF(OR(NOT(ISNUMBER(R19)),NOT(ISNUMBER(J19)),NOT(ISNUMBER(O19))),"", (R19+J19)-O19) | Y19: =IFERROR(IF(OR(tblMaestroEquipos[[#This Row],[Estado Operacional]]="FUERA DE SERVICIO",tblMaestroEquipos[[#This Row],[Ultima Fecha Lectura]]="",tblMaestroEquipos[[#This Row],[Dias a Proxima Mantencion]]=""),"",tblMaestroEquipos[[#This Row],[Ultima Fecha Lectura]]+tblMaestroEquipos[[#This Row],[Dias a Proxima Mantencion]]),"") | Z19: =IFERROR(IF(_xlfn.MINIFS(tblComprasPM[Fecha],tblComprasPM[Codigo],tblMaestroEquipos[[#This Row],[Codigo]])=0,"",_xlfn.MINIFS(tblComprasPM[Fecha],tblComprasPM[Codigo],tblMaestroEquipos[[#This Row],[Codigo]])),"") -> 46079.691 | AA19: =IFERROR(IF(_xlfn.MAXIFS(tblBodega[Fecha],tblBodega[Codigo],tblMaestroEquipos[[#This Row],[Codigo]])=0,"",_xlfn.MAXIFS(tblBodega[Fecha],tblBodega[Codigo],tblMaestroEquipos[[#This Row],[Codigo]])),"") | AB19: =IFERROR(IF(OR(tblMaestroEquipos[[#This Row],[Fecha Compra PM]]="",tblMaestroEquipos[[#This Row],[Fecha Compra PM]]=0),"",IF(OR(tblMaestroEquipos[[#This Row],[Ultima Fecha PM]]="",tblMaestroEquipos[[#This Row],[Ultima Fecha PM]]=0),MAX(0,INT(TODAY())-INT(tblMaestroEquipos[[#This Row],[Fecha Compra PM]])),MAX(0,INT(tblMaestroEquipos[[#This Row],[Ultima Fecha PM]])-INT(tblMaestroEquipos[[#This Row],[Fecha Compra PM]])))),"") -> 66 | AC19: =IFERROR(IF(OR(tblMaestroEquipos[[#This Row],[Fecha Salida Bodega]]="",tblMaestroEquipos[[#This Row],[Fecha Salida Bodega]]=0),"",IF(OR(tblMaestroEquipos[[#This Row],[Ultima Fecha PM]]="",tblMaestroEquipos[[#This Row],[Ultima Fecha PM]]=0),MAX(0,INT(TODAY())-INT(tblMaestroEquipos[[#This Row],[Fecha Salida Bodega]])),MAX(0,INT(tblMaestroEquipos[[#This Row],[Ultima Fecha PM]])-INT(tblMaestroEquipos[[#This Row],[Fecha Salida Bodega]])))),"") | AD19: =IF(tblMaestroEquipos[[#This Row],[Fecha Salida Bodega]]="","SIN SALIDA BODEGA",IF(OR(tblMaestroEquipos[[#This Row],[Ultima Fecha PM]]="",tblMaestroEquipos[[#This Row],[Ultima Fecha PM]]<tblMaestroEquipos[[#This Row],[Fecha Salida Bodega]]),"PENDIENTE","CERRADO")) -> SIN SALIDA BODEGA | AE19: =IF(TRIM(V19)="Fuera de servicio","FUERA DE SERVICIO", IF(OR(TRIM(V19)="Taller",TRIM(V19)="En taller"),"EN TALLER", IF(W19="ATRASADO","ATRASADO", IF(W19="EN PROCESO","EN PROCESO", IF(W19="PRÓXIMO","PRÓXIMO", "OPERATIVO"))))) -> EN PROCESO | AF19: =IF($AE19="ATRASADA",IF($X19<=-15,"CRÍTICA","ALTA"),IF($AE19="PRÓXIMA","MEDIA",IF(OR($AE19="EN PROCESO",$AE19="POR RECIBIR"),"SEGUIMIENTO",IF($AE19="FUERA DE SERVICIO","NO APLICA","BAJA")))) -> SEGUIMIENTO | AG19: =IF($AE19="FUERA DE SERVICIO","No programar compra",IF($AE19="CERRADO","Cerrar ciclo y preparar siguiente PM",IF($AE19="EN PROCESO","Hacer seguimiento al taller y cerrar report",IF($AE19="POR RECIBIR","Acelerar recepción de repuestos",IF($AE19="ATRASADA","Comprar kit PM y coordinar ejecución",IF($AE19="PRÓXIMA","Planificar compra preventiva","Monitorear próximo vencimiento")))))) -> Hacer seguimiento al taller y cerrar report | AH19: =IF(AND(OR($AE19="ATRASADA",$AE19="PRÓXIMA"),$Z19="",$AA19=""),1,0) -> 0 | AI19: =IF(OR($AH19=0,$Y19=""),"",SUMPRODUCT(($AH$4:$AH$247=1)*(($Y$4:$Y$247<$Y19)+(($Y$4:$Y$247=$Y19)*(ROW($Y$4:$Y$247)<=ROW()))))) | AJ19: =IF(W19="ATRASADA",1,IF(W19="EN PROCESO",2,IF(W19="POR RECIBIR",3,99))) -> 2
A20: CD-134 | B20: Camión Plano | C20: Camiones de Ruta | D20: International | E20: 4300 | F20: 2012 | G20: {=IFERROR(INDEX(Lecturas!$E$4:$E$3549,MATCH(1,(Lecturas!$B$4:$B$3549=$A20)*(Lecturas!$E$4:$E$3549<>"")*(Lecturas!$A$4:$A$3549=_xlfn.MAXIFS(Lecturas!$A$4:$A$3549,Lecturas!$B$4:$B$3549,$A20,Lecturas!$E$4:$E$3549,"<>")),0)),"")} | H20: Sin asignar | I20: HORAS | J20: 250 | K20: =IFERROR(IF($I20="KM",ROUND((_xlfn.MAXIFS(tblLecturas[Kilometraje],tblLecturas[Codigo],$A20)-_xlfn.MINIFS(tblLecturas[Kilometraje],tblLecturas[Codigo],$A20))/(MAX(1,_xlfn.MAXIFS(tblLecturas[Fecha],tblLecturas[Codigo],$A20)-_xlfn.MINIFS(tblLecturas[Fecha],tblLecturas[Codigo],$A20))),1),ROUND((_xlfn.MAXIFS(tblLecturas[Horometro],tblLecturas[Codigo],$A20)-_xlfn.MINIFS(tblLecturas[Horometro],tblLecturas[Codigo],$A20))/(MAX(1,_xlfn.MAXIFS(tblLecturas[Fecha],tblLecturas[Codigo],$A20)-_xlfn.MINIFS(tblLecturas[Fecha],tblLecturas[Codigo],$A20))),1)),"") -> 0 | L20: =IFERROR(_xlfn.MAXIFS(tblLecturas[Fecha],tblLecturas[Codigo],$A20),"") -> 46050 | M20: =IFERROR(_xlfn.MAXIFS(Lecturas!$C:$C,Lecturas!$B:$B,$A20,Lecturas!$C:$C,">0"),"") -> 0 | N20: =IFERROR(_xlfn.MAXIFS(tblLecturas[Kilometraje],tblLecturas[Codigo],$A20,tblLecturas[Kilometraje],">0"),"") -> 121065 | O20: {=IFERROR(IF($I20="KM",LOOKUP(2,1/(Lecturas!$B:$B=$A20)/(Lecturas!$D:$D>0),Lecturas!$D:$D),LOOKUP(2,1/(Lecturas!$B:$B=$A20)/(Lecturas!$C:$C>0),Lecturas!$C:$C)),"")} | P20: =IFERROR(_xlfn.MAXIFS(tblMantenciones[Fecha],tblMantenciones[Codigo],tblMaestroEquipos[[#This Row],[Codigo]],tblMantenciones[EsPM],"Sí"),"") -> 0 | Q20: =IF(_xlfn.MAXIFS(Mantenciones!$D:$D,Mantenciones!$B:$B,A20)=0,"Sin datos de mantención registrado",_xlfn.MAXIFS(Mantenciones!$D:$D,Mantenciones!$B:$B,A20)) -> 73978 | R20: =IFERROR(IF(_xlfn.MAXIFS(Mantenciones!$D:$D,Mantenciones!$B:$B,$A20,Mantenciones!$E:$E,"Sí",Mantenciones!$D:$D,">0")=0,"Sin datos de mantención registrado",_xlfn.MAXIFS(Mantenciones!$D:$D,Mantenciones!$B:$B,$A20,Mantenciones!$E:$E,"Sí",Mantenciones!$D:$D,">0")),"Sin datos de mantención registrado") -> Sin datos de mantención registrado | S20: =IFERROR(SUMIFS(tblMantenciones[Costo Mantencion CLP],tblMantenciones[Codigo],A20),0) -> 0 | T20: =IFERROR(SUMIFS(tblComprasPM[Costo PM CLP],tblComprasPM[Codigo],tblMaestroEquipos[[#This Row],[Codigo]]),0) -> 0 | U20: =IFERROR(tblMaestroEquipos[[#This Row],[Costo Mantenciones CLP]]+tblMaestroEquipos[[#This Row],[Costo Compras PM CLP]],0) -> 0 | V20: =IFERROR(_xlfn.XLOOKUP(tblMaestroEquipos[[#This Row],[Codigo]],tblEquipos[Codigo],tblEquipos[Estado Base]),"") -> Operativo | W20: =IF(OR(TRIM($V20)="Fuera de Servicio",TRIM($V20)="Fuera de servicio"),"FUERA DE SERVICIO",IF(OR(TRIM($V20)="Taller",TRIM($V20)="En taller",TRIM($V20)="EN TALLER"),"EN TALLER",IF($AD20="PENDIENTE","POR RECIBIR",IF(AND($Z20<>"",$AA20=""),"EN PROCESO",IF(AND(ISNUMBER($X20),$X20<0),"ATRASADA",IF(AND(ISNUMBER($X20),$X20<=30),"PRÓXIMA","AL DÍA")))))) -> AL DÍA | X20: =IF(OR(NOT(ISNUMBER(R20)),NOT(ISNUMBER(J20)),NOT(ISNUMBER(O20))),"", (R20+J20)-O20) | Y20: =IFERROR(IF(OR(tblMaestroEquipos[[#This Row],[Estado Operacional]]="FUERA DE SERVICIO",tblMaestroEquipos[[#This Row],[Ultima Fecha Lectura]]="",tblMaestroEquipos[[#This Row],[Dias a Proxima Mantencion]]=""),"",tblMaestroEquipos[[#This Row],[Ultima Fecha Lectura]]+tblMaestroEquipos[[#This Row],[Dias a Proxima Mantencion]]),"") | Z20: =IFERROR(IF(_xlfn.MINIFS(tblComprasPM[Fecha],tblComprasPM[Codigo],tblMaestroEquipos[[#This Row],[Codigo]])=0,"",_xlfn.MINIFS(tblComprasPM[Fecha],tblComprasPM[Codigo],tblMaestroEquipos[[#This Row],[Codigo]])),"") | AA20: =IFERROR(IF(_xlfn.MAXIFS(tblBodega[Fecha],tblBodega[Codigo],tblMaestroEquipos[[#This Row],[Codigo]])=0,"",_xlfn.MAXIFS(tblBodega[Fecha],tblBodega[Codigo],tblMaestroEquipos[[#This Row],[Codigo]])),"") | AB20: =IFERROR(IF(OR(tblMaestroEquipos[[#This Row],[Fecha Compra PM]]="",tblMaestroEquipos[[#This Row],[Fecha Compra PM]]=0),"",IF(OR(tblMaestroEquipos[[#This Row],[Ultima Fecha PM]]="",tblMaestroEquipos[[#This Row],[Ultima Fecha PM]]=0),MAX(0,INT(TODAY())-INT(tblMaestroEquipos[[#This Row],[Fecha Compra PM]])),MAX(0,INT(tblMaestroEquipos[[#This Row],[Ultima Fecha PM]])-INT(tblMaestroEquipos[[#This Row],[Fecha Compra PM]])))),"") | AC20: =IFERROR(IF(OR(tblMaestroEquipos[[#This Row],[Fecha Salida Bodega]]="",tblMaestroEquipos[[#This Row],[Fecha Salida Bodega]]=0),"",IF(OR(tblMaestroEquipos[[#This Row],[Ultima Fecha PM]]="",tblMaestroEquipos[[#This Row],[Ultima Fecha PM]]=0),MAX(0,INT(TODAY())-INT(tblMaestroEquipos[[#This Row],[Fecha Salida Bodega]])),MAX(0,INT(tblMaestroEquipos[[#This Row],[Ultima Fecha PM]])-INT(tblMaestroEquipos[[#This Row],[Fecha Salida Bodega]])))),"") | AD20: =IF(tblMaestroEquipos[[#This Row],[Fecha Salida Bodega]]="","SIN SALIDA BODEGA",IF(OR(tblMaestroEquipos[[#This Row],[Ultima Fecha PM]]="",tblMaestroEquipos[[#This Row],[Ultima Fecha PM]]<tblMaestroEquipos[[#This Row],[Fecha Salida Bodega]]),"PENDIENTE","CERRADO")) -> SIN SALIDA BODEGA | AE20: =IF(TRIM(V20)="Fuera de servicio","FUERA DE SERVICIO", IF(OR(TRIM(V20)="Taller",TRIM(V20)="En taller"),"EN TALLER", IF(W20="ATRASADO","ATRASADO", IF(W20="EN PROCESO","EN PROCESO", IF(W20="PRÓXIMO","PRÓXIMO", "OPERATIVO"))))) -> OPERATIVO | AF20: =IF($AE20="ATRASADA",IF($X20<=-15,"CRÍTICA","ALTA"),IF($AE20="PRÓXIMA","MEDIA",IF(OR($AE20="EN PROCESO",$AE20="POR RECIBIR"),"SEGUIMIENTO",IF($AE20="FUERA DE SERVICIO","NO APLICA","BAJA")))) -> BAJA | AG20: =IF($AE20="FUERA DE SERVICIO","No programar compra",IF($AE20="CERRADO","Cerrar ciclo y preparar siguiente PM",IF($AE20="EN PROCESO","Hacer seguimiento al taller y cerrar report",IF($AE20="POR RECIBIR","Acelerar recepción de repuestos",IF($AE20="ATRASADA","Comprar kit PM y coordinar ejecución",IF($AE20="PRÓXIMA","Planificar compra preventiva","Monitorear próximo vencimiento")))))) -> Monitorear próximo vencimiento | AH20: =IF(AND(OR($AE20="ATRASADA",$AE20="PRÓXIMA"),$Z20="",$AA20=""),1,0) -> 0 | AI20: =IF(OR($AH20=0,$Y20=""),"",SUMPRODUCT(($AH$4:$AH$247=1)*(($Y$4:$Y$247<$Y20)+(($Y$4:$Y$247=$Y20)*(ROW($Y$4:$Y$247)<=ROW()))))) | AJ20: =IF(W20="ATRASADA",1,IF(W20="EN PROCESO",2,IF(W20="POR RECIBIR",3,99))) -> 99
A21: CD-124 | B21: Camión Tolva | C21: Camiones de Ruta | D21: Man | E21: TGS 40400 BB | F21: 2024 | G21: {=IFERROR(INDEX(Lecturas!$E$4:$E$3549,MATCH(1,(Lecturas!$B$4:$B$3549=$A21)*(Lecturas!$E$4:$E$3549<>"")*(Lecturas!$A$4:$A$3549=_xlfn.MAXIFS(Lecturas!$A$4:$A$3549,Lecturas!$B$4:$B$3549,$A21,Lecturas!$E$4:$E$3549,"<>")),0)),"")} | H21: Vendido | I21: HORAS | J21: 250 | K21: =IFERROR(IF($I21="KM",ROUND((_xlfn.MAXIFS(tblLecturas[Kilometraje],tblLecturas[Codigo],$A21)-_xlfn.MINIFS(tblLecturas[Kilometraje],tblLecturas[Codigo],$A21))/(MAX(1,_xlfn.MAXIFS(tblLecturas[Fecha],tblLecturas[Codigo],$A21)-_xlfn.MINIFS(tblLecturas[Fecha],tblLecturas[Codigo],$A21))),1),ROUND((_xlfn.MAXIFS(tblLecturas[Horometro],tblLecturas[Codigo],$A21)-_xlfn.MINIFS(tblLecturas[Horometro],tblLecturas[Codigo],$A21))/(MAX(1,_xlfn.MAXIFS(tblLecturas[Fecha],tblLecturas[Codigo],$A21)-_xlfn.MINIFS(tblLecturas[Fecha],tblLecturas[Codigo],$A21))),1)),"") -> 0 | L21: =IFERROR(_xlfn.MAXIFS(tblLecturas[Fecha],tblLecturas[Codigo],$A21),"") -> 46048 | M21: =IFERROR(_xlfn.MAXIFS(Lecturas!$C:$C,Lecturas!$B:$B,$A21,Lecturas!$C:$C,">0"),"") -> 0 | N21: =IFERROR(_xlfn.MAXIFS(tblLecturas[Kilometraje],tblLecturas[Codigo],$A21,tblLecturas[Kilometraje],">0"),"") -> 48160 | O21: {=IFERROR(IF($I21="KM",LOOKUP(2,1/(Lecturas!$B:$B=$A21)/(Lecturas!$D:$D>0),Lecturas!$D:$D),LOOKUP(2,1/(Lecturas!$B:$B=$A21)/(Lecturas!$C:$C>0),Lecturas!$C:$C)),"")} | P21: =IFERROR(_xlfn.MAXIFS(tblMantenciones[Fecha],tblMantenciones[Codigo],tblMaestroEquipos[[#This Row],[Codigo]],tblMantenciones[EsPM],"Sí"),"") -> 0 | Q21: =IF(_xlfn.MAXIFS(Mantenciones!$D:$D,Mantenciones!$B:$B,A21)=0,"Sin datos de mantención registrado",_xlfn.MAXIFS(Mantenciones!$D:$D,Mantenciones!$B:$B,A21)) -> Sin datos de mantención registrado | R21: =IFERROR(IF(_xlfn.MAXIFS(Mantenciones!$D:$D,Mantenciones!$B:$B,$A21,Mantenciones!$E:$E,"Sí",Mantenciones!$D:$D,">0")=0,"Sin datos de mantención registrado",_xlfn.MAXIFS(Mantenciones!$D:$D,Mantenciones!$B:$B,$A21,Mantenciones!$E:$E,"Sí",Mantenciones!$D:$D,">0")),"Sin datos de mantención registrado") -> Sin datos de mantención registrado | S21: =IFERROR(SUMIFS(tblMantenciones[Costo Mantencion CLP],tblMantenciones[Codigo],A21),0) -> 0 | T21: =IFERROR(SUMIFS(tblComprasPM[Costo PM CLP],tblComprasPM[Codigo],tblMaestroEquipos[[#This Row],[Codigo]]),0) -> 63430.806 | U21: =IFERROR(tblMaestroEquipos[[#This Row],[Costo Mantenciones CLP]]+tblMaestroEquipos[[#This Row],[Costo Compras PM CLP]],0) -> 63430.806 | V21: =IFERROR(_xlfn.XLOOKUP(tblMaestroEquipos[[#This Row],[Codigo]],tblEquipos[Codigo],tblEquipos[Estado Base]),"") -> Fuera de Servicio | W21: =IF(OR(TRIM($V21)="Fuera de Servicio",TRIM($V21)="Fuera de servicio"),"FUERA DE SERVICIO",IF(OR(TRIM($V21)="Taller",TRIM($V21)="En taller",TRIM($V21)="EN TALLER"),"EN TALLER",IF($AD21="PENDIENTE","POR RECIBIR",IF(AND($Z21<>"",$AA21=""),"EN PROCESO",IF(AND(ISNUMBER($X21),$X21<0),"ATRASADA",IF(AND(ISNUMBER($X21),$X21<=30),"PRÓXIMA","AL DÍA")))))) -> FUERA DE SERVICIO | X21: =IF(OR(NOT(ISNUMBER(R21)),NOT(ISNUMBER(J21)),NOT(ISNUMBER(O21))),"", (R21+J21)-O21) | Y21: =IFERROR(IF(OR(tblMaestroEquipos[[#This Row],[Estado Operacional]]="FUERA DE SERVICIO",tblMaestroEquipos[[#This Row],[Ultima Fecha Lectura]]="",tblMaestroEquipos[[#This Row],[Dias a Proxima Mantencion]]=""),"",tblMaestroEquipos[[#This Row],[Ultima Fecha Lectura]]+tblMaestroEquipos[[#This Row],[Dias a Proxima Mantencion]]),"") | Z21: =IFERROR(IF(_xlfn.MINIFS(tblComprasPM[Fecha],tblComprasPM[Codigo],tblMaestroEquipos[[#This Row],[Codigo]])=0,"",_xlfn.MINIFS(tblComprasPM[Fecha],tblComprasPM[Codigo],tblMaestroEquipos[[#This Row],[Codigo]])),"") -> 46069.442 | AA21: =IFERROR(IF(_xlfn.MAXIFS(tblBodega[Fecha],tblBodega[Codigo],tblMaestroEquipos[[#This Row],[Codigo]])=0,"",_xlfn.MAXIFS(tblBodega[Fecha],tblBodega[Codigo],tblMaestroEquipos[[#This Row],[Codigo]])),"") | AB21: =IFERROR(IF(OR(tblMaestroEquipos[[#This Row],[Fecha Compra PM]]="",tblMaestroEquipos[[#This Row],[Fecha Compra PM]]=0),"",IF(OR(tblMaestroEquipos[[#This Row],[Ultima Fecha PM]]="",tblMaestroEquipos[[#This Row],[Ultima Fecha PM]]=0),MAX(0,INT(TODAY())-INT(tblMaestroEquipos[[#This Row],[Fecha Compra PM]])),MAX(0,INT(tblMaestroEquipos[[#This Row],[Ultima Fecha PM]])-INT(tblMaestroEquipos[[#This Row],[Fecha Compra PM]])))),"") -> 76 | AC21: =IFERROR(IF(OR(tblMaestroEquipos[[#This Row],[Fecha Salida Bodega]]="",tblMaestroEquipos[[#This Row],[Fecha Salida Bodega]]=0),"",IF(OR(tblMaestroEquipos[[#This Row],[Ultima Fecha PM]]="",tblMaestroEquipos[[#This Row],[Ultima Fecha PM]]=0),MAX(0,INT(TODAY())-INT(tblMaestroEquipos[[#This Row],[Fecha Salida Bodega]])),MAX(0,INT(tblMaestroEquipos[[#This Row],[Ultima Fecha PM]])-INT(tblMaestroEquipos[[#This Row],[Fecha Salida Bodega]])))),"") | AD21: =IF(tblMaestroEquipos[[#This Row],[Fecha Salida Bodega]]="","SIN SALIDA BODEGA",IF(OR(tblMaestroEquipos[[#This Row],[Ultima Fecha PM]]="",tblMaestroEquipos[[#This Row],[Ultima Fecha PM]]<tblMaestroEquipos[[#This Row],[Fecha Salida Bodega]]),"PENDIENTE","CERRADO")) -> SIN SALIDA BODEGA | AE21: =IF(TRIM(V21)="Fuera de servicio","FUERA DE SERVICIO", IF(OR(TRIM(V21)="Taller",TRIM(V21)="En taller"),"EN TALLER", IF(W21="ATRASADO","ATRASADO", IF(W21="EN PROCESO","EN PROCESO", IF(W21="PRÓXIMO","PRÓXIMO", "OPERATIVO"))))) -> FUERA DE SERVICIO | AF21: =IF($AE21="ATRASADA",IF($X21<=-15,"CRÍTICA","ALTA"),IF($AE21="PRÓXIMA","MEDIA",IF(OR($AE21="EN PROCESO",$AE21="POR RECIBIR"),"SEGUIMIENTO",IF($AE21="FUERA DE SERVICIO","NO APLICA","BAJA")))) -> NO APLICA | AG21: =IF($AE21="FUERA DE SERVICIO","No programar compra",IF($AE21="CERRADO","Cerrar ciclo y preparar siguiente PM",IF($AE21="EN PROCESO","Hacer seguimiento al taller y cerrar report",IF($AE21="POR RECIBIR","Acelerar recepción de repuestos",IF($AE21="ATRASADA","Comprar kit PM y coordinar ejecución",IF($AE21="PRÓXIMA","Planificar compra preventiva","Monitorear próximo vencimiento")))))) -> No programar compra | AH21: =IF(AND(OR($AE21="ATRASADA",$AE21="PRÓXIMA"),$Z21="",$AA21=""),1,0) -> 0 | AI21: =IF(OR($AH21=0,$Y21=""),"",SUMPRODUCT(($AH$4:$AH$247=1)*(($Y$4:$Y$247<$Y21)+(($Y$4:$Y$247=$Y21)*(ROW($Y$4:$Y$247)<=ROW()))))) | AJ21: =IF(W21="ATRASADA",1,IF(W21="EN PROCESO",2,IF(W21="POR RECIBIR",3,99))) -> 99
A22: VD-104 | B22: Auto | C22: Vehículos Livianos | D22: Suzuki | E22: Ciaz | F22: 2016 | G22: {=IFERROR(INDEX(Lecturas!$E$4:$E$3549,MATCH(1,(Lecturas!$B$4:$B$3549=$A22)*(Lecturas!$E$4:$E$3549<>"")*(Lecturas!$A$4:$A$3549=_xlfn.MAXIFS(Lecturas!$A$4:$A$3549,Lecturas!$B$4:$B$3549,$A22,Lecturas!$E$4:$E$3549,"<>")),0)),"")} | H22: Vendida | I22: KM | J22: 15000 | K22: =IFERROR(IF($I22="KM",ROUND((_xlfn.MAXIFS(tblLecturas[Kilometraje],tblLecturas[Codigo],$A22)-_xlfn.MINIFS(tblLecturas[Kilometraje],tblLecturas[Codigo],$A22))/(MAX(1,_xlfn.MAXIFS(tblLecturas[Fecha],tblLecturas[Codigo],$A22)-_xlfn.MINIFS(tblLecturas[Fecha],tblLecturas[Codigo],$A22))),1),ROUND((_xlfn.MAXIFS(tblLecturas[Horometro],tblLecturas[Codigo],$A22)-_xlfn.MINIFS(tblLecturas[Horometro],tblLecturas[Codigo],$A22))/(MAX(1,_xlfn.MAXIFS(tblLecturas[Fecha],tblLecturas[Codigo],$A22)-_xlfn.MINIFS(tblLecturas[Fecha],tblLecturas[Codigo],$A22))),1)),"") -> 0 | L22: =IFERROR(_xlfn.MAXIFS(tblLecturas[Fecha],tblLecturas[Codigo],$A22),"") -> 46048 | M22: =IFERROR(_xlfn.MAXIFS(Lecturas!$C:$C,Lecturas!$B:$B,$A22,Lecturas!$C:$C,">0"),"") -> 0 | N22: =IFERROR(_xlfn.MAXIFS(tblLecturas[Kilometraje],tblLecturas[Codigo],$A22,tblLecturas[Kilometraje],">0"),"") -> 58660 | O22: {=IFERROR(IF($I22="KM",LOOKUP(2,1/(Lecturas!$B:$B=$A22)/(Lecturas!$D:$D>0),Lecturas!$D:$D),LOOKUP(2,1/(Lecturas!$B:$B=$A22)/(Lecturas!$C:$C>0),Lecturas!$C:$C)),"")} -> 58660 | P22: =IFERROR(_xlfn.MAXIFS(tblMantenciones[Fecha],tblMantenciones[Codigo],tblMaestroEquipos[[#This Row],[Codigo]],tblMantenciones[EsPM],"Sí"),"") -> 0 | Q22: =IF(_xlfn.MAXIFS(Mantenciones!$D:$D,Mantenciones!$B:$B,A22)=0,"Sin datos de mantención registrado",_xlfn.MAXIFS(Mantenciones!$D:$D,Mantenciones!$B:$B,A22)) -> Sin datos de mantención registrado | R22: =IFERROR(IF(_xlfn.MAXIFS(Mantenciones!$D:$D,Mantenciones!$B:$B,$A22,Mantenciones!$E:$E,"Sí",Mantenciones!$D:$D,">0")=0,"Sin datos de mantención registrado",_xlfn.MAXIFS(Mantenciones!$D:$D,Mantenciones!$B:$B,$A22,Mantenciones!$E:$E,"Sí",Mantenciones!$D:$D,">0")),"Sin datos de mantención registrado") -> Sin datos de mantención registrado | S22: =IFERROR(SUMIFS(tblMantenciones[Costo Mantencion CLP],tblMantenciones[Codigo],A22),0) -> 0 | T22: =IFERROR(SUMIFS(tblComprasPM[Costo PM CLP],tblComprasPM[Codigo],tblMaestroEquipos[[#This Row],[Codigo]]),0) -> 0 | U22: =IFERROR(tblMaestroEquipos[[#This Row],[Costo Mantenciones CLP]]+tblMaestroEquipos[[#This Row],[Costo Compras PM CLP]],0) -> 0 | V22: =IFERROR(_xlfn.XLOOKUP(tblMaestroEquipos[[#This Row],[Codigo]],tblEquipos[Codigo],tblEquipos[Estado Base]),"") -> Fuera de Servicio | W22: =IF(OR(TRIM($V22)="Fuera de Servicio",TRIM($V22)="Fuera de servicio"),"FUERA DE SERVICIO",IF(OR(TRIM($V22)="Taller",TRIM($V22)="En taller",TRIM($V22)="EN TALLER"),"EN TALLER",IF($AD22="PENDIENTE","POR RECIBIR",IF(AND($Z22<>"",$AA22=""),"EN PROCESO",IF(AND(ISNUMBER($X22),$X22<0),"ATRASADA",IF(AND(ISNUMBER($X22),$X22<=30),"PRÓXIMA","AL DÍA")))))) -> FUERA DE SERVICIO | X22: =IF(OR(NOT(ISNUMBER(R22)),NOT(ISNUMBER(J22)),NOT(ISNUMBER(O22))),"", (R22+J22)-O22) | Y22: =IFERROR(IF(OR(tblMaestroEquipos[[#This Row],[Estado Operacional]]="FUERA DE SERVICIO",tblMaestroEquipos[[#This Row],[Ultima Fecha Lectura]]="",tblMaestroEquipos[[#This Row],[Dias a Proxima Mantencion]]=""),"",tblMaestroEquipos[[#This Row],[Ultima Fecha Lectura]]+tblMaestroEquipos[[#This Row],[Dias a Proxima Mantencion]]),"") | Z22: =IFERROR(IF(_xlfn.MINIFS(tblComprasPM[Fecha],tblComprasPM[Codigo],tblMaestroEquipos[[#This Row],[Codigo]])=0,"",_xlfn.MINIFS(tblComprasPM[Fecha],tblComprasPM[Codigo],tblMaestroEquipos[[#This Row],[Codigo]])),"") | AA22: =IFERROR(IF(_xlfn.MAXIFS(tblBodega[Fecha],tblBodega[Codigo],tblMaestroEquipos[[#This Row],[Codigo]])=0,"",_xlfn.MAXIFS(tblBodega[Fecha],tblBodega[Codigo],tblMaestroEquipos[[#This Row],[Codigo]])),"") | AB22: =IFERROR(IF(OR(tblMaestroEquipos[[#This Row],[Fecha Compra PM]]="",tblMaestroEquipos[[#This Row],[Fecha Compra PM]]=0),"",IF(OR(tblMaestroEquipos[[#This Row],[Ultima Fecha PM]]="",tblMaestroEquipos[[#This Row],[Ultima Fecha PM]]=0),MAX(0,INT(TODAY())-INT(tblMaestroEquipos[[#This Row],[Fecha Compra PM]])),MAX(0,INT(tblMaestroEquipos[[#This Row],[Ultima Fecha PM]])-INT(tblMaestroEquipos[[#This Row],[Fecha Compra PM]])))),"") | AC22: =IFERROR(IF(OR(tblMaestroEquipos[[#This Row],[Fecha Salida Bodega]]="",tblMaestroEquipos[[#This Row],[Fecha Salida Bodega]]=0),"",IF(OR(tblMaestroEquipos[[#This Row],[Ultima Fecha PM]]="",tblMaestroEquipos[[#This Row],[Ultima Fecha PM]]=0),MAX(0,INT(TODAY())-INT(tblMaestroEquipos[[#This Row],[Fecha Salida Bodega]])),MAX(0,INT(tblMaestroEquipos[[#This Row],[Ultima Fecha PM]])-INT(tblMaestroEquipos[[#This Row],[Fecha Salida Bodega]])))),"") | AD22: =IF(tblMaestroEquipos[[#This Row],[Fecha Salida Bodega]]="","SIN SALIDA BODEGA",IF(OR(tblMaestroEquipos[[#This Row],[Ultima Fecha PM]]="",tblMaestroEquipos[[#This Row],[Ultima Fecha PM]]<tblMaestroEquipos[[#This Row],[Fecha Salida Bodega]]),"PENDIENTE","CERRADO")) -> SIN SALIDA BODEGA | AE22: =IF(TRIM(V22)="Fuera de servicio","FUERA DE SERVICIO", IF(OR(TRIM(V22)="Taller",TRIM(V22)="En taller"),"EN TALLER", IF(W22="ATRASADO","ATRASADO", IF(W22="EN PROCESO","EN PROCESO", IF(W22="PRÓXIMO","PRÓXIMO", "OPERATIVO"))))) -> FUERA DE SERVICIO | AF22: =IF($AE22="ATRASADA",IF($X22<=-15,"CRÍTICA","ALTA"),IF($AE22="PRÓXIMA","MEDIA",IF(OR($AE22="EN PROCESO",$AE22="POR RECIBIR"),"SEGUIMIENTO",IF($AE22="FUERA DE SERVICIO","NO APLICA","BAJA")))) -> NO APLICA | AG22: =IF($AE22="FUERA DE SERVICIO","No programar compra",IF($AE22="CERRADO","Cerrar ciclo y preparar siguiente PM",IF($AE22="EN PROCESO","Hacer seguimiento al taller y cerrar report",IF($AE22="POR RECIBIR","Acelerar recepción de repuestos",IF($AE22="ATRASADA","Comprar kit PM y coordinar ejecución",IF($AE22="PRÓXIMA","Planificar compra preventiva","Monitorear próximo vencimiento")))))) -> No programar compra | AH22: =IF(AND(OR($AE22="ATRASADA",$AE22="PRÓXIMA"),$Z22="",$AA22=""),1,0) -> 0 | AI22: =IF(OR($AH22=0,$Y22=""),"",SUMPRODUCT(($AH$4:$AH$247=1)*(($Y$4:$Y$247<$Y22)+(($Y$4:$Y$247=$Y22)*(ROW($Y$4:$Y$247)<=ROW()))))) | AJ22: =IF(W22="ATRASADA",1,IF(W22="EN PROCESO",2,IF(W22="POR RECIBIR",3,99))) -> 99
A23: CD-116 | B23: Camión Plano | C23: Camiones de Ruta | D23: Wolkswagen | E23: 9150E | F23: 2012 | G23: {=IFERROR(INDEX(Lecturas!$E$4:$E$3549,MATCH(1,(Lecturas!$B$4:$B$3549=$A23)*(Lecturas!$E$4:$E$3549<>"")*(Lecturas!$A$4:$A$3549=_xlfn.MAXIFS(Lecturas!$A$4:$A$3549,Lecturas!$B$4:$B$3549,$A23,Lecturas!$E$4:$E$3549,"<>")),0)),"")} -> Villaseca | H23: No identificado | I23: HORAS | J23: 250 | K23: =IFERROR(IF($I23="KM",ROUND((_xlfn.MAXIFS(tblLecturas[Kilometraje],tblLecturas[Codigo],$A23)-_xlfn.MINIFS(tblLecturas[Kilometraje],tblLecturas[Codigo],$A23))/(MAX(1,_xlfn.MAXIFS(tblLecturas[Fecha],tblLecturas[Codigo],$A23)-_xlfn.MINIFS(tblLecturas[Fecha],tblLecturas[Codigo],$A23))),1),ROUND((_xlfn.MAXIFS(tblLecturas[Horometro],tblLecturas[Codigo],$A23)-_xlfn.MINIFS(tblLecturas[Horometro],tblLecturas[Codigo],$A23))/(MAX(1,_xlfn.MAXIFS(tblLecturas[Fecha],tblLecturas[Codigo],$A23)-_xlfn.MINIFS(tblLecturas[Fecha],tblLecturas[Codigo],$A23))),1)),"") -> 0 | L23: =IFERROR(_xlfn.MAXIFS(tblLecturas[Fecha],tblLecturas[Codigo],$A23),"") -> 46100 | M23: =IFERROR(_xlfn.MAXIFS(Lecturas!$C:$C,Lecturas!$B:$B,$A23,Lecturas!$C:$C,">0"),"") -> 0 | N23: =IFERROR(_xlfn.MAXIFS(tblLecturas[Kilometraje],tblLecturas[Codigo],$A23,tblLecturas[Kilometraje],">0"),"") -> 329583 | O23: {=IFERROR(IF($I23="KM",LOOKUP(2,1/(Lecturas!$B:$B=$A23)/(Lecturas!$D:$D>0),Lecturas!$D:$D),LOOKUP(2,1/(Lecturas!$B:$B=$A23)/(Lecturas!$C:$C>0),Lecturas!$C:$C)),"")} | P23: =IFERROR(_xlfn.MAXIFS(tblMantenciones[Fecha],tblMantenciones[Codigo],tblMaestroEquipos[[#This Row],[Codigo]],tblMantenciones[EsPM],"Sí"),"") -> 0 | Q23: =IF(_xlfn.MAXIFS(Mantenciones!$D:$D,Mantenciones!$B:$B,A23)=0,"Sin datos de mantención registrado",_xlfn.MAXIFS(Mantenciones!$D:$D,Mantenciones!$B:$B,A23)) -> Sin datos de mantención registrado | R23: =IFERROR(IF(_xlfn.MAXIFS(Mantenciones!$D:$D,Mantenciones!$B:$B,$A23,Mantenciones!$E:$E,"Sí",Mantenciones!$D:$D,">0")=0,"Sin datos de mantención registrado",_xlfn.MAXIFS(Mantenciones!$D:$D,Mantenciones!$B:$B,$A23,Mantenciones!$E:$E,"Sí",Mantenciones!$D:$D,">0")),"Sin datos de mantención registrado") -> Sin datos de mantención registrado | S23: =IFERROR(SUMIFS(tblMantenciones[Costo Mantencion CLP],tblMantenciones[Codigo],A23),0) -> 0 | T23: =IFERROR(SUMIFS(tblComprasPM[Costo PM CLP],tblComprasPM[Codigo],tblMaestroEquipos[[#This Row],[Codigo]]),0) -> 94000.004 | U23: =IFERROR(tblMaestroEquipos[[#This Row],[Costo Mantenciones CLP]]+tblMaestroEquipos[[#This Row],[Costo Compras PM CLP]],0) -> 94000.004 | V23: =IFERROR(_xlfn.XLOOKUP(tblMaestroEquipos[[#This Row],[Codigo]],tblEquipos[Codigo],tblEquipos[Estado Base]),"") -> Operativo | W23: =IF(OR(TRIM($V23)="Fuera de Servicio",TRIM($V23)="Fuera de servicio"),"FUERA DE SERVICIO",IF(OR(TRIM($V23)="Taller",TRIM($V23)="En taller",TRIM($V23)="EN TALLER"),"EN TALLER",IF($AD23="PENDIENTE","POR RECIBIR",IF(AND($Z23<>"",$AA23=""),"EN PROCESO",IF(AND(ISNUMBER($X23),$X23<0),"ATRASADA",IF(AND(ISNUMBER($X23),$X23<=30),"PRÓXIMA","AL DÍA")))))) -> EN PROCESO | X23: =IF(OR(NOT(ISNUMBER(R23)),NOT(ISNUMBER(J23)),NOT(ISNUMBER(O23))),"", (R23+J23)-O23) | Y23: =IFERROR(IF(OR(tblMaestroEquipos[[#This Row],[Estado Operacional]]="FUERA DE SERVICIO",tblMaestroEquipos[[#This Row],[Ultima Fecha Lectura]]="",tblMaestroEquipos[[#This Row],[Dias a Proxima Mantencion]]=""),"",tblMaestroEquipos[[#This Row],[Ultima Fecha Lectura]]+tblMaestroEquipos[[#This Row],[Dias a Proxima Mantencion]]),"") | Z23: =IFERROR(IF(_xlfn.MINIFS(tblComprasPM[Fecha],tblComprasPM[Codigo],tblMaestroEquipos[[#This Row],[Codigo]])=0,"",_xlfn.MINIFS(tblComprasPM[Fecha],tblComprasPM[Codigo],tblMaestroEquipos[[#This Row],[Codigo]])),"") -> 46078.358 | AA23: =IFERROR(IF(_xlfn.MAXIFS(tblBodega[Fecha],tblBodega[Codigo],tblMaestroEquipos[[#This Row],[Codigo]])=0,"",_xlfn.MAXIFS(tblBodega[Fecha],tblBodega[Codigo],tblMaestroEquipos[[#This Row],[Codigo]])),"") | AB23: =IFERROR(IF(OR(tblMaestroEquipos[[#This Row],[Fecha Compra PM]]="",tblMaestroEquipos[[#This Row],[Fecha Compra PM]]=0),"",IF(OR(tblMaestroEquipos[[#This Row],[Ultima Fecha PM]]="",tblMaestroEquipos[[#This Row],[Ultima Fecha PM]]=0),MAX(0,INT(TODAY())-INT(tblMaestroEquipos[[#This Row],[Fecha Compra PM]])),MAX(0,INT(tblMaestroEquipos[[#This Row],[Ultima Fecha PM]])-INT(tblMaestroEquipos[[#This Row],[Fecha Compra PM]])))),"") -> 67 | AC23: =IFERROR(IF(OR(tblMaestroEquipos[[#This Row],[Fecha Salida Bodega]]="",tblMaestroEquipos[[#This Row],[Fecha Salida Bodega]]=0),"",IF(OR(tblMaestroEquipos[[#This Row],[Ultima Fecha PM]]="",tblMaestroEquipos[[#This Row],[Ultima Fecha PM]]=0),MAX(0,INT(TODAY())-INT(tblMaestroEquipos[[#This Row],[Fecha Salida Bodega]])),MAX(0,INT(tblMaestroEquipos[[#This Row],[Ultima Fecha PM]])-INT(tblMaestroEquipos[[#This Row],[Fecha Salida Bodega]])))),"") | AD23: =IF(tblMaestroEquipos[[#This Row],[Fecha Salida Bodega]]="","SIN SALIDA BODEGA",IF(OR(tblMaestroEquipos[[#This Row],[Ultima Fecha PM]]="",tblMaestroEquipos[[#This Row],[Ultima Fecha PM]]<tblMaestroEquipos[[#This Row],[Fecha Salida Bodega]]),"PENDIENTE","CERRADO")) -> SIN SALIDA BODEGA | AE23: =IF(TRIM(V23)="Fuera de servicio","FUERA DE SERVICIO", IF(OR(TRIM(V23)="Taller",TRIM(V23)="En taller"),"EN TALLER", IF(W23="ATRASADO","ATRASADO", IF(W23="EN PROCESO","EN PROCESO", IF(W23="PRÓXIMO","PRÓXIMO", "OPERATIVO"))))) -> EN PROCESO | AF23: =IF($AE23="ATRASADA",IF($X23<=-15,"CRÍTICA","ALTA"),IF($AE23="PRÓXIMA","MEDIA",IF(OR($AE23="EN PROCESO",$AE23="POR RECIBIR"),"SEGUIMIENTO",IF($AE23="FUERA DE SERVICIO","NO APLICA","BAJA")))) -> SEGUIMIENTO | AG23: =IF($AE23="FUERA DE SERVICIO","No programar compra",IF($AE23="CERRADO","Cerrar ciclo y preparar siguiente PM",IF($AE23="EN PROCESO","Hacer seguimiento al taller y cerrar report",IF($AE23="POR RECIBIR","Acelerar recepción de repuestos",IF($AE23="ATRASADA","Comprar kit PM y coordinar ejecución",IF($AE23="PRÓXIMA","Planificar compra preventiva","Monitorear próximo vencimiento")))))) -> Hacer seguimiento al taller y cerrar report | AH23: =IF(AND(OR($AE23="ATRASADA",$AE23="PRÓXIMA"),$Z23="",$AA23=""),1,0) -> 0 | AI23: =IF(OR($AH23=0,$Y23=""),"",SUMPRODUCT(($AH$4:$AH$247=1)*(($Y$4:$Y$247<$Y23)+(($Y$4:$Y$247=$Y23)*(ROW($Y$4:$Y$247)<=ROW()))))) | AJ23: =IF(W23="ATRASADA",1,IF(W23="EN PROCESO",2,IF(W23="POR RECIBIR",3,99))) -> 2
A24: MD-72 | B24: Retroexcavadora | C24: Maquinaria Pesada | D24: Case | E24: 580M | F24: 2004 | G24: {=IFERROR(INDEX(Lecturas!$E$4:$E$3549,MATCH(1,(Lecturas!$B$4:$B$3549=$A24)*(Lecturas!$E$4:$E$3549<>"")*(Lecturas!$A$4:$A$3549=_xlfn.MAXIFS(Lecturas!$A$4:$A$3549,Lecturas!$B$4:$B$3549,$A24,Lecturas!$E$4:$E$3549,"<>")),0)),"")} | H24: Cesar Reyes | I24: HORAS | J24: 250 | K24: =IFERROR(IF($I24="KM",ROUND((_xlfn.MAXIFS(tblLecturas[Kilometraje],tblLecturas[Codigo],$A24)-_xlfn.MINIFS(tblLecturas[Kilometraje],tblLecturas[Codigo],$A24))/(MAX(1,_xlfn.MAXIFS(tblLecturas[Fecha],tblLecturas[Codigo],$A24)-_xlfn.MINIFS(tblLecturas[Fecha],tblLecturas[Codigo],$A24))),1),ROUND((_xlfn.MAXIFS(tblLecturas[Horometro],tblLecturas[Codigo],$A24)-_xlfn.MINIFS(tblLecturas[Horometro],tblLecturas[Codigo],$A24))/(MAX(1,_xlfn.MAXIFS(tblLecturas[Fecha],tblLecturas[Codigo],$A24)-_xlfn.MINIFS(tblLecturas[Fecha],tblLecturas[Codigo],$A24))),1)),"") -> 1.4 | L24: =IFERROR(_xlfn.MAXIFS(tblLecturas[Fecha],tblLecturas[Codigo],$A24),"") -> 46042 | M24: =IFERROR(_xlfn.MAXIFS(Lecturas!$C:$C,Lecturas!$B:$B,$A24,Lecturas!$C:$C,">0"),"") -> 7950 | N24: =IFERROR(_xlfn.MAXIFS(tblLecturas[Kilometraje],tblLecturas[Codigo],$A24,tblLecturas[Kilometraje],">0"),"") -> 0 | O24: {=IFERROR(IF($I24="KM",LOOKUP(2,1/(Lecturas!$B:$B=$A24)/(Lecturas!$D:$D>0),Lecturas!$D:$D),LOOKUP(2,1/(Lecturas!$B:$B=$A24)/(Lecturas!$C:$C>0),Lecturas!$C:$C)),"")} -> 6823 | P24: =IFERROR(_xlfn.MAXIFS(tblMantenciones[Fecha],tblMantenciones[Codigo],tblMaestroEquipos[[#This Row],[Codigo]],tblMantenciones[EsPM],"Sí"),"") -> 0 | Q24: =IF(_xlfn.MAXIFS(Mantenciones!$D:$D,Mantenciones!$B:$B,A24)=0,"Sin datos de mantención registrado",_xlfn.MAXIFS(Mantenciones!$D:$D,Mantenciones!$B:$B,A24)) -> Sin datos de mantención registrado | R24: =IFERROR(IF(_xlfn.MAXIFS(Mantenciones!$D:$D,Mantenciones!$B:$B,$A24,Mantenciones!$E:$E,"Sí",Mantenciones!$D:$D,">0")=0,"Sin datos de mantención registrado",_xlfn.MAXIFS(Mantenciones!$D:$D,Mantenciones!$B:$B,$A24,Mantenciones!$E:$E,"Sí",Mantenciones!$D:$D,">0")),"Sin datos de mantención registrado") -> Sin datos de mantención registrado | S24: =IFERROR(SUMIFS(tblMantenciones[Costo Mantencion CLP],tblMantenciones[Codigo],A24),0) -> 0 | T24: =IFERROR(SUMIFS(tblComprasPM[Costo PM CLP],tblComprasPM[Codigo],tblMaestroEquipos[[#This Row],[Codigo]]),0) -> 0 | U24: =IFERROR(tblMaestroEquipos[[#This Row],[Costo Mantenciones CLP]]+tblMaestroEquipos[[#This Row],[Costo Compras PM CLP]],0) -> 0 | V24: =IFERROR(_xlfn.XLOOKUP(tblMaestroEquipos[[#This Row],[Codigo]],tblEquipos[Codigo],tblEquipos[Estado Base]),"") -> Taller | W24: =IF(OR(TRIM($V24)="Fuera de Servicio",TRIM($V24)="Fuera de servicio"),"FUERA DE SERVICIO",IF(OR(TRIM($V24)="Taller",TRIM($V24)="En taller",TRIM($V24)="EN TALLER"),"EN TALLER",IF($AD24="PENDIENTE","POR RECIBIR",IF(AND($Z24<>"",$AA24=""),"EN PROCESO",IF(AND(ISNUMBER($X24),$X24<0),"ATRASADA",IF(AND(ISNUMBER($X24),$X24<=30),"PRÓXIMA","AL DÍA")))))) -> EN TALLER | X24: =IF(OR(NOT(ISNUMBER(R24)),NOT(ISNUMBER(J24)),NOT(ISNUMBER(O24))),"", (R24+J24)-O24) | Y24: =IFERROR(IF(OR(tblMaestroEquipos[[#This Row],[Estado Operacional]]="FUERA DE SERVICIO",tblMaestroEquipos[[#This Row],[Ultima Fecha Lectura]]="",tblMaestroEquipos[[#This Row],[Dias a Proxima Mantencion]]=""),"",tblMaestroEquipos[[#This Row],[Ultima Fecha Lectura]]+tblMaestroEquipos[[#This Row],[Dias a Proxima Mantencion]]),"") | Z24: =IFERROR(IF(_xlfn.MINIFS(tblComprasPM[Fecha],tblComprasPM[Codigo],tblMaestroEquipos[[#This Row],[Codigo]])=0,"",_xlfn.MINIFS(tblComprasPM[Fecha],tblComprasPM[Codigo],tblMaestroEquipos[[#This Row],[Codigo]])),"") | AA24: =IFERROR(IF(_xlfn.MAXIFS(tblBodega[Fecha],tblBodega[Codigo],tblMaestroEquipos[[#This Row],[Codigo]])=0,"",_xlfn.MAXIFS(tblBodega[Fecha],tblBodega[Codigo],tblMaestroEquipos[[#This Row],[Codigo]])),"") -> 46111 | AB24: =IFERROR(IF(OR(tblMaestroEquipos[[#This Row],[Fecha Compra PM]]="",tblMaestroEquipos[[#This Row],[Fecha Compra PM]]=0),"",IF(OR(tblMaestroEquipos[[#This Row],[Ultima Fecha PM]]="",tblMaestroEquipos[[#This Row],[Ultima Fecha PM]]=0),MAX(0,INT(TODAY())-INT(tblMaestroEquipos[[#This Row],[Fecha Compra PM]])),MAX(0,INT(tblMaestroEquipos[[#This Row],[Ultima Fecha PM]])-INT(tblMaestroEquipos[[#This Row],[Fecha Compra PM]])))),"") | AC24: =IFERROR(IF(OR(tblMaestroEquipos[[#This Row],[Fecha Salida Bodega]]="",tblMaestroEquipos[[#This Row],[Fecha Salida Bodega]]=0),"",IF(OR(tblMaestroEquipos[[#This Row],[Ultima Fecha PM]]="",tblMaestroEquipos[[#This Row],[Ultima Fecha PM]]=0),MAX(0,INT(TODAY())-INT(tblMaestroEquipos[[#This Row],[Fecha Salida Bodega]])),MAX(0,INT(tblMaestroEquipos[[#This Row],[Ultima Fecha PM]])-INT(tblMaestroEquipos[[#This Row],[Fecha Salida Bodega]])))),"") -> 34 | AD24: =IF(tblMaestroEquipos[[#This Row],[Fecha Salida Bodega]]="","SIN SALIDA BODEGA",IF(OR(tblMaestroEquipos[[#This Row],[Ultima Fecha PM]]="",tblMaestroEquipos[[#This Row],[Ultima Fecha PM]]<tblMaestroEquipos[[#This Row],[Fecha Salida Bodega]]),"PENDIENTE","CERRADO")) -> PENDIENTE | AE24: =IF(TRIM(V24)="Fuera de servicio","FUERA DE SERVICIO", IF(OR(TRIM(V24)="Taller",TRIM(V24)="En taller"),"EN TALLER", IF(W24="ATRASADO","ATRASADO", IF(W24="EN PROCESO","EN PROCESO", IF(W24="PRÓXIMO","PRÓXIMO", "OPERATIVO"))))) -> EN TALLER | AF24: =IF($AE24="ATRASADA",IF($X24<=-15,"CRÍTICA","ALTA"),IF($AE24="PRÓXIMA","MEDIA",IF(OR($AE24="EN PROCESO",$AE24="POR RECIBIR"),"SEGUIMIENTO",IF($AE24="FUERA DE SERVICIO","NO APLICA","BAJA")))) -> BAJA | AG24: =IF($AE24="FUERA DE SERVICIO","No programar compra",IF($AE24="CERRADO","Cerrar ciclo y preparar siguiente PM",IF($AE24="EN PROCESO","Hacer seguimiento al taller y cerrar report",IF($AE24="POR RECIBIR","Acelerar recepción de repuestos",IF($AE24="ATRASADA","Comprar kit PM y coordinar ejecución",IF($AE24="PRÓXIMA","Planificar compra preventiva","Monitorear próximo vencimiento")))))) -> Monitorear próximo vencimiento | AH24: =IF(AND(OR($AE24="ATRASADA",$AE24="PRÓXIMA"),$Z24="",$AA24=""),1,0) -> 0 | AI24: =IF(OR($AH24=0,$Y24=""),"",SUMPRODUCT(($AH$4:$AH$247=1)*(($Y$4:$Y$247<$Y24)+(($Y$4:$Y$247=$Y24)*(ROW($Y$4:$Y$247)<=ROW()))))) | AJ24: =IF(W24="ATRASADA",1,IF(W24="EN PROCESO",2,IF(W24="POR RECIBIR",3,99))) -> 99
A25: CD-117 | B25: Camión Slurry | C25: Camiones de Ruta | D25: No hay info | E25: No hay info | F25: No hay info | G25: {=IFERROR(INDEX(Lecturas!$E$4:$E$3549,MATCH(1,(Lecturas!$B$4:$B$3549=$A25)*(Lecturas!$E$4:$E$3549<>"")*(Lecturas!$A$4:$A$3549=_xlfn.MAXIFS(Lecturas!$A$4:$A$3549,Lecturas!$B$4:$B$3549,$A25,Lecturas!$E$4:$E$3549,"<>")),0)),"")} | H25: Sin asignar | I25: HORAS | J25: 250 | K25: =IFERROR(IF($I25="KM",ROUND((_xlfn.MAXIFS(tblLecturas[Kilometraje],tblLecturas[Codigo],$A25)-_xlfn.MINIFS(tblLecturas[Kilometraje],tblLecturas[Codigo],$A25))/(MAX(1,_xlfn.MAXIFS(tblLecturas[Fecha],tblLecturas[Codigo],$A25)-_xlfn.MINIFS(tblLecturas[Fecha],tblLecturas[Codigo],$A25))),1),ROUND((_xlfn.MAXIFS(tblLecturas[Horometro],tblLecturas[Codigo],$A25)-_xlfn.MINIFS(tblLecturas[Horometro],tblLecturas[Codigo],$A25))/(MAX(1,_xlfn.MAXIFS(tblLecturas[Fecha],tblLecturas[Codigo],$A25)-_xlfn.MINIFS(tblLecturas[Fecha],tblLecturas[Codigo],$A25))),1)),"") -> 0 | L25: =IFERROR(_xlfn.MAXIFS(tblLecturas[Fecha],tblLecturas[Codigo],$A25),"") -> 46034 | M25: =IFERROR(_xlfn.MAXIFS(Lecturas!$C:$C,Lecturas!$B:$B,$A25,Lecturas!$C:$C,">0"),"") -> 0 | N25: =IFERROR(_xlfn.MAXIFS(tblLecturas[Kilometraje],tblLecturas[Codigo],$A25,tblLecturas[Kilometraje],">0"),"") -> 114148 | O25: {=IFERROR(IF($I25="KM",LOOKUP(2,1/(Lecturas!$B:$B=$A25)/(Lecturas!$D:$D>0),Lecturas!$D:$D),LOOKUP(2,1/(Lecturas!$B:$B=$A25)/(Lecturas!$C:$C>0),Lecturas!$C:$C)),"")} | P25: =IFERROR(_xlfn.MAXIFS(tblMantenciones[Fecha],tblMantenciones[Codigo],tblMaestroEquipos[[#This Row],[Codigo]],tblMantenciones[EsPM],"Sí"),"") -> 0 | Q25: =IF(_xlfn.MAXIFS(Mantenciones!$D:$D,Mantenciones!$B:$B,A25)=0,"Sin datos de mantención registrado",_xlfn.MAXIFS(Mantenciones!$D:$D,Mantenciones!$B:$B,A25)) -> Sin datos de mantención registrado | R25: =IFERROR(IF(_xlfn.MAXIFS(Mantenciones!$D:$D,Mantenciones!$B:$B,$A25,Mantenciones!$E:$E,"Sí",Mantenciones!$D:$D,">0")=0,"Sin datos de mantención registrado",_xlfn.MAXIFS(Mantenciones!$D:$D,Mantenciones!$B:$B,$A25,Mantenciones!$E:$E,"Sí",Mantenciones!$D:$D,">0")),"Sin datos de mantención registrado") -> Sin datos de mantención registrado | S25: =IFERROR(SUMIFS(tblMantenciones[Costo Mantencion CLP],tblMantenciones[Codigo],A25),0) -> 0 | T25: =IFERROR(SUMIFS(tblComprasPM[Costo PM CLP],tblComprasPM[Codigo],tblMaestroEquipos[[#This Row],[Codigo]]),0) -> 0 | U25: =IFERROR(tblMaestroEquipos[[#This Row],[Costo Mantenciones CLP]]+tblMaestroEquipos[[#This Row],[Costo Compras PM CLP]],0) -> 0 | V25: =IFERROR(_xlfn.XLOOKUP(tblMaestroEquipos[[#This Row],[Codigo]],tblEquipos[Codigo],tblEquipos[Estado Base]),"") -> Fuera de Servicio | W25: =IF(OR(TRIM($V25)="Fuera de Servicio",TRIM($V25)="Fuera de servicio"),"FUERA DE SERVICIO",IF(OR(TRIM($V25)="Taller",TRIM($V25)="En taller",TRIM($V25)="EN TALLER"),"EN TALLER",IF($AD25="PENDIENTE","POR RECIBIR",IF(AND($Z25<>"",$AA25=""),"EN PROCESO",IF(AND(ISNUMBER($X25),$X25<0),"ATRASADA",IF(AND(ISNUMBER($X25),$X25<=30),"PRÓXIMA","AL DÍA")))))) -> FUERA DE SERVICIO | X25: =IF(OR(NOT(ISNUMBER(R25)),NOT(ISNUMBER(J25)),NOT(ISNUMBER(O25))),"", (R25+J25)-O25) | Y25: =IFERROR(IF(OR(tblMaestroEquipos[[#This Row],[Estado Operacional]]="FUERA DE SERVICIO",tblMaestroEquipos[[#This Row],[Ultima Fecha Lectura]]="",tblMaestroEquipos[[#This Row],[Dias a Proxima Mantencion]]=""),"",tblMaestroEquipos[[#This Row],[Ultima Fecha Lectura]]+tblMaestroEquipos[[#This Row],[Dias a Proxima Mantencion]]),"") | Z25: =IFERROR(IF(_xlfn.MINIFS(tblComprasPM[Fecha],tblComprasPM[Codigo],tblMaestroEquipos[[#This Row],[Codigo]])=0,"",_xlfn.MINIFS(tblComprasPM[Fecha],tblComprasPM[Codigo],tblMaestroEquipos[[#This Row],[Codigo]])),"") | AA25: =IFERROR(IF(_xlfn.MAXIFS(tblBodega[Fecha],tblBodega[Codigo],tblMaestroEquipos[[#This Row],[Codigo]])=0,"",_xlfn.MAXIFS(tblBodega[Fecha],tblBodega[Codigo],tblMaestroEquipos[[#This Row],[Codigo]])),"") | AB25: =IFERROR(IF(OR(tblMaestroEquipos[[#This Row],[Fecha Compra PM]]="",tblMaestroEquipos[[#This Row],[Fecha Compra PM]]=0),"",IF(OR(tblMaestroEquipos[[#This Row],[Ultima Fecha PM]]="",tblMaestroEquipos[[#This Row],[Ultima Fecha PM]]=0),MAX(0,INT(TODAY())-INT(tblMaestroEquipos[[#This Row],[Fecha Compra PM]])),MAX(0,INT(tblMaestroEquipos[[#This Row],[Ultima Fecha PM]])-INT(tblMaestroEquipos[[#This Row],[Fecha Compra PM]])))),"") | AC25: =IFERROR(IF(OR(tblMaestroEquipos[[#This Row],[Fecha Salida Bodega]]="",tblMaestroEquipos[[#This Row],[Fecha Salida Bodega]]=0),"",IF(OR(tblMaestroEquipos[[#This Row],[Ultima Fecha PM]]="",tblMaestroEquipos[[#This Row],[Ultima Fecha PM]]=0),MAX(0,INT(TODAY())-INT(tblMaestroEquipos[[#This Row],[Fecha Salida Bodega]])),MAX(0,INT(tblMaestroEquipos[[#This Row],[Ultima Fecha PM]])-INT(tblMaestroEquipos[[#This Row],[Fecha Salida Bodega]])))),"") | AD25: =IF(tblMaestroEquipos[[#This Row],[Fecha Salida Bodega]]="","SIN SALIDA BODEGA",IF(OR(tblMaestroEquipos[[#This Row],[Ultima Fecha PM]]="",tblMaestroEquipos[[#This Row],[Ultima Fecha PM]]<tblMaestroEquipos[[#This Row],[Fecha Salida Bodega]]),"PENDIENTE","CERRADO")) -> SIN SALIDA BODEGA | AE25: =IF(TRIM(V25)="Fuera de servicio","FUERA DE SERVICIO", IF(OR(TRIM(V25)="Taller",TRIM(V25)="En taller"),"EN TALLER", IF(W25="ATRASADO","ATRASADO", IF(W25="EN PROCESO","EN PROCESO", IF(W25="PRÓXIMO","PRÓXIMO", "OPERATIVO"))))) -> FUERA DE SERVICIO | AF25: =IF($AE25="ATRASADA",IF($X25<=-15,"CRÍTICA","ALTA"),IF($AE25="PRÓXIMA","MEDIA",IF(OR($AE25="EN PROCESO",$AE25="POR RECIBIR"),"SEGUIMIENTO",IF($AE25="FUERA DE SERVICIO","NO APLICA","BAJA")))) -> NO APLICA | AG25: =IF($AE25="FUERA DE SERVICIO","No programar compra",IF($AE25="CERRADO","Cerrar ciclo y preparar siguiente PM",IF($AE25="EN PROCESO","Hacer seguimiento al taller y cerrar report",IF($AE25="POR RECIBIR","Acelerar recepción de repuestos",IF($AE25="ATRASADA","Comprar kit PM y coordinar ejecución",IF($AE25="PRÓXIMA","Planificar compra preventiva","Monitorear próximo vencimiento")))))) -> No programar compra | AH25: =IF(AND(OR($AE25="ATRASADA",$AE25="PRÓXIMA"),$Z25="",$AA25=""),1,0) -> 0 | AI25: =IF(OR($AH25=0,$Y25=""),"",SUMPRODUCT(($AH$4:$AH$247=1)*(($Y$4:$Y$247<$Y25)+(($Y$4:$Y$247=$Y25)*(ROW($Y$4:$Y$247)<=ROW()))))) | AJ25: =IF(W25="ATRASADA",1,IF(W25="EN PROCESO",2,IF(W25="POR RECIBIR",3,99))) -> 99
